address,net_wbtc,net_weth,net_usdc,net_usdt,estimated_usd
0x69ce8721790edbdcd2b4155d853d99d2680477b0,22.0951,0,0,0,2430461
0xcb89e891c581fbe0bea4fac2ba9829d816515a81,2.8129,73.1249,0,0,510512.47
0xd468833cec47e996cc92e2f6ad3af733595390e6,4.3716,1.1,0,0,483901
0xa827150caaebabcb696b9b44d16c2367dd03828b,0,-0.01,158187.67,0,158160.17
0x11d67fa925877813b744abc0917900c2b1d6eb81,0,0,0,70000.98,70000.98
0xa2df5770b8cb729529b45e50343daabc20d31c43,0,0,0,65500,65500
0x5d4b67fab585ec9ccd341ea9ce32c4a71840747d,0,12.4397,0,4014.66,38223.84
0xa9a5f6a3777d128d7abf2ff972ca146a13a3fca3,0,12.9962,0,0,35739.55
0x603c08a7582f6915d1d7858dfdb2b6b2dbf3635f,0,-0.08,0,28257.07,28037.07
0x89747466b15b4efa5d270f5992d6a41b569aae62,0,0,24000,0,24000
0x30d14e0245063fc2c39f9d0720c2109719968e85,0.1643,2.04,0,0,23683
0xc87374d34e66289005324ae0457fca898e823c68,0,0,0,20976.71,20976.71
0xced29ba48490c51e4348e654c313ac97762beccc,0,0,9800,10000,19800
0x31cdb470154238d2d1075a22bb2ef3ce1fb093d4,0,0,18870.94,0,18870.94
0x1690842b72edd4fd754af6404291e70d8c439b31,0.1591,0,0,0,17501
0x91d6886da15b4170782f545c491b874b72ed8c15,0.1,1,1000,2003.22,16753.22
0xff2779e68e24b725c625f514acb36736a23391e8,0.15,0,0,0,16500
0x9c2beda40319ef834ee70880ef0ac786986d5d27,0,5,0,2000,15750
0x1b5b7b514771beec3c83add7e0165166dbc77320,0,0,0,15000,15000
0x9621d12d63be2b9fbfb1fb03f623e3d9b52e9df9,0,0,14395.3,0,14395.3
0x4b4d897cc153a5923730e86aa58ae30816229a7a,0,5.0131,0,0,13786.03
0x3c01d937a899f95fbb26f478ae2d157d715293f9,0,4.9023,0,0,13481.33
0x689dcb6c727a18c60c42635f99c78bef67367ff0,0.11914248,0.0001,0,0,13105.82
0xd8c8f8e07f779c34aec474ba1a04e20e792b5c5f,0,4,0,0,11000
0x7c95d0cd038e06c4152a37325d48aed406006fe3,0,0,0,10000,10000
0x32a1874657673c8403059cb30880612af7d2c9c6,0,0,0,10000,10000
0xb80ebc2e6f0ae48d801471f563526efa47b1e236,0,0,4999.83,5000,9999.83
0xf6ef125721fe2c429d1722624f196ba4e04c48ee,0,3.1,0,0,8525
0x7453275ad8cacf3a44d19bd10e5b6a2832b05fc3,0,3,0,0,8250
0xecca7559a64d3005c8c0cbeef7ce04dc2c8ff814,0,2.53,0,0,6957.5
0x59d2e0a2be0db463c36038a5fd2535f58ab3b38f,0.061,0,0,0,6710
0xec9ebe950cad79fde4139714283145137ce24aad,0,0,0,6000,6000
0x66c9d04ee58af6c27d48f85a486832d24857626f,0,2,0,0,5500
0x6c68601d1063b963f1dff2a1cd138d7f6e96963d,0,2,0,0,5500
0xd807e4e38e8a19a03f869e5a9691c06253afa397,0,2,0,0,5500
0x667848e46bd03251e8c221d9151f29c88d9c2e5b,0,0,5128.54,0,5128.54
0x0feaa9d8eba3f9d220207ed4830a02d58eec928e,0,0,1000.52,4100.45,5100.97
0xff9a6868db7727bcacfc2472f8919c480195c2f7,0,0,5000,0,5000
0x5ab8e8a5ac6ee75bdf3ae1e9bb5e354232768053,0,0,4999.42,0,4999.42
0x161d9b5d6e3ed8d9c1d36a7caf971901c60b9222,0,0,0,4992.59,4992.59
0x04d179be939f9387e800e98d591c7cead296b93c,0,0,2453.31,2500,4953.31
0x60a3d336c39e8fac40647142d3068780b4bc4c93,0,1.8,0,0,4950
0xdc308f2d2f00889041e74b9c3d6e6b8ad57d81de,0,0,4050,0,4050
0x52eb4bd04dea22dc589cc973a96d9e1f9e423c12,0,0,0,4000,4000
0xc638c94dc14bb0ded44a94192999e8bd73a62640,0,0,3708.83,0,3708.83
0x1ef91043d3cdb315a5c97a03b843e6095ba6ea02,0,0.212,200,2591.54,3374.54
0x1305fd5d65d1758cbadf8a6f907670a447aca164,0,1,500,0,3250
0x19de5bf0977f858c530e8ec53242680386537d89,0,-0.15,0,3655.9,3243.4
0xe34c1bf99bf238bd7bc7a42498273f69b430abe6,0,1.1,0,42.03,3067.03
0x2807cc96ca226b4f6bb47a81f67d1905d8c2a1e2,0,0,0,3026.02,3026.02
0x841e65e15f0b09797ff1dec296198d6ada1f3230,0,1.1,0,0,3025
0xc0a7aba6031d05b1f28c101ffdb1396021a765d6,0,0,0,3000,3000
0xa611cb6409771c9c5c2949fedd722023e4961ce2,0,0,0,3000,3000
0x7f54a3f39311ee9397e523e67bb8fe914de3bfb3,0,0,2999.9,0,2999.9
0x055ddc40fbe329e3b43cb06f56a9ecdaca3ad521,0,1.09,0,0,2997.5
0x143a9422b6c78e78a898dd1f9d25b2a42ae211e5,0,0,0,2900.03,2900.03
0xa32dc0d7c0c9fc83ff330aea00ad8c3cfe319aa8,0,1,0,0,2750
0xf29f1e3572dd6f525f31826ffc696fcb048c51c1,0,1,0,0,2750
0x112f4dcf0b4fe5938098d9e743d72d939b4f6075,0,1,0,0,2750
0x3c8eef6273ae5b0b9fbaefc9edeedec6953b296e,0,0,0,2500,2500
0x0ac0240f4656dc80684d0df1208bb91c0220725d,0,0,0,2451.85,2451.85
0x8253569da40c19350ec3067b4f882658bb403c81,0,0.515,0,999.97,2416.22
0x91271375ae26099e4b1c89ff3892a1915edf581a,0,0.81,0,0,2227.5
0x2d5841f759b895a0b3be282abb1104bf5db5095d,0,0,0,2012.65,2012.65
0xe0b17a7b6609fa841d7439ea6c5afe2fb07f8bac,0,0,0,2000,2000
0xa0ba9d15defb5e4667fd14d2a65be5b4b191948e,0,0,0,2000,2000
0x08d2c744fd60f2dca8c1885d3aa03ff6d3fa5d11,0,0,0,2000,2000
0xc693b4ffb338579467a541b2bf267b1955870920,0,0,2000,0,2000
0xa0c0f5e52950e94a72e2a9790511ed536896d5b9,0,0,0,1935.57,1935.57
0xc2fe50e4e2a72346108527a815627dda4bbd165c,0,0.6986,0,-16,1905.18
0x15778b42f87f9b5737e07d127af60eee7ac9c0f0,0,0.601,0,0,1652.75
0x069497b672dcc385264ac7f5b8ec5a467b863bff,0,0.6,0,0,1650
0xaf8cfcfa6d329c0264c2bbc337949debdef23075,0,0,1491.45,0,1491.45
0xf69b6812a9c7325f35ab918fd6064de0060f3854,0,0.503,0,0,1383.25
0x7942b87c5c80d0702e1375fc36ece7220cb04d09,0,0.5,0,0,1375
0x1bc64307e6ddc620635b862fd2051be32bbf26a3,0,0.5,0,0,1375
0x5a9dd9b93e6ad5f78b9b5fb08dd40e384d327f4b,0,0.195,0,800.71,1336.83
0x178d4d7d2a603463faffea75eecf74797c8bd7f3,0,0.257,620.74,0,1327.49
0xda603487d8a7f1c410743871507051880538863f,0,0.45,0,0,1237.5
0x30a2c1dab998c6bdc29ee0f11917da7cd9c9708d,0,0,0,1200,1200
0xf16a809ac6ae471ffe3c93b388072d27d583b06a,0,0,0,1148.91,1148.94
0xa73018c8c64d8b58f692da632255c8ac907c8d58,0,0.4,0,0,1100
0x14a4b7ed33d21ae9d9efa2d1fe1e1744d73eccf4,0,0,1084.78,0,1084.78
0xb752d7a4e7ebd7b7a7b4deefd086571e5e7f5bb8,0,0,0,1001,1001
0xf51a056c3b0e5ad51715cab381403b3e62e4a65d,0,0,0,1001,1001
0xbba58ea845a6b7013a19575720075a2e8ee78fdf,0,0,0,1000,1000
0xb0720a40d6335df0ac90ff9e4b755217632ca78c,0,0,0,1000,1000
0x425f52b381301f6297154850b336a6598f4f1aee,0,0,1000,0,1000
0x69510e004eef7914c388a5ba662059fa2d2bca2b,0,0,1000,0,1000
0x20718bcd0e16d2caff38f87b157fd1b0d92cc488,0,0,1000,0,1000
0xd187241884009163e35b36559ca5549ae5678852,0.0089,0,0,0,979
0xbbf849844b052a79b79393aea9a7661b14a49a71,0,0,0,976.34,976.34
0xb309ce318691c604d3d7c741581bcf7a61ae7618,0,0,0,968.46,968.46
0x7f2bc2e317c00e551a792177396e318858330226,0,0,0,959,959
0xb7d672703e7987715912a0784be91b27d1098c89,0,0,0,900.01,900.01
0x9c7086ebd02e93acdeaa0eae7cb24c41240a0a72,0,0,866.22,0,866.22
0xce462c13f461deeb3ec2daadd5e7d5f90bb8f0b2,0,0.3,0,0,825
0xbbb7b32a5e384829fa67e200041d64e4dd8a6105,0,0,0,819,819
0x9996890f80b0624f3087f8ec0c2a8fcc9c5ee103,0,0,724.29,0,724.29
0x3579a279cd7fd6739f2904a301c96de6afff5509,0.0031,0.1,100.13,0,716.13
0x25fec8adaef7da7ab33a0228ab15e51311f5dc89,0,0.25,0,0,687.5
0xdbb056eb9c451cfe75ad06c7925562a48b65a625,0,0,0,668.03,668.03
0x6d47ea39eb6c2e95c499fbe372ddb026b93a9872,0,0.15,0,202.96,615.46
0x4149b799341ffd4ba835bdc9907409ff0467fe18,0,0,100,500,600
0x2b85e8d6e602b0da9f3cdb9bb89254dd2442d80b,0,0.2005,0,0,551.38
0xf3c5f2517c1fcfaa8b40bc98990feaa26f8a9d45,0,0.2,0,0,550
0x9df3575255c5971aa9d9aff10b2755489c126e5f,0,0.01,0,501.94,529.44
0x48be96ef6fc4249e1ec303c5b5bd4a9f23900659,0,0,501,0,501
0x88840c37e8fa21afe5c28f0c704f9dcbd1601a45,0,0,0,500,500
0x0b402b3e1336d8e0f84d7333622e87617b254f11,0,0,500,0,500
0x55d607ebcdae3d0a5da08d92f115638115972ce0,0,0,0,500,500
0xf8b5725bcd315b62ea74481efb19bed1cc892b11,0,0,0,500,500
0xaf67b225cd7bb5ae51d22630830c0f54b9e4cc7d,0,0,0,499.87,499.87
0xa41e8671e65ce2129be0b34230355e256aacc1b6,0,0,499.83,0,499.83
0x0c275f2d879b46b901000f92430b9f57afc5a723,0,0.177,0,0,486.75
0x5dcf8a23a6bb780cee6beb0b69c4f36f781c9df6,0,0.17,0,17,484.5
0x3953097d0ac7ee4f390592b69b5ada2dff4108c6,0,0,470.32,0,470.32
0xe792923a42643b2aec46733f10585edf41cd2fa5,0,0,0,433.63,433.63
0xcf8445a17f25d149e63ba8662eb602e5103a236b,0,0,417.86,0,417.86
0x091a53446383ac947d83dff4ddedb57c1d1f81c9,0,0.15,0,0,412.5
0x0ee4e42b1096530f80a589cb13461930704517d0,0,0.15,0,0,412.5
0x77853d0b0ea729343793d1ca6bdf0c9063d413f4,0,0,397.21,0,397.21
0x517df4f28eabb59b962bce3a706d27194279f7a2,0.0036,0,0,0,396
0x4aa60959b1571e62f9b353937c3e45978fd07713,0.0032,0,0,0,352
0xd1af7d3751453374e1c068d3a3fac44a0ff24c38,0,0.126,0,0,346.5
0x26a6dc267e276fded7b40251c8fc08b1b40df367,0,0.1236,0,0,339.9
0xbb532f577779822a48f129049ecc32cfebcb7969,0.003,0,0,0,330
0x03fd3911d4aba632e7a9cbeab9d855e388d0a691,0.0019,0.037,0,18,328.75
0x9f8fe303110f6d306d89c8a70be8ec2df6e6931b,0.0009,0.05,47.4,40,323.9
0x6777529d538c57d6cc6d46da4610758245470dab,0,0,0,300,300
0x7f8da5fbd700a134842109c54aba576d5c3712b8,0,0,0,300,300
0x59ca75d497702251ae552e30e513d146fbed69bc,0,0,300,0,300
0xe214114980d7fa9098630ccb2b0ddbd8059eba05,0,0,0,300,300
0xecf8ad0b9e257fcbb0459f600f68b834c2748aab,0,0,0,294.41,294.41
0xc9cce71edf54be2c85d23536589ffe8d9e2acdd1,0,0.107,0,0,294.25
0xb33d4956f4328c4a0da1d1ab544cc8f2ca1660d2,0,0.1,0,0,275
0x6d8a4ce3337c64d3aeb2136910c809b92ec829bf,0,0.1,0,0,275
0x0e736877ead3831ffa9f318c4e5a14334d3e1ab8,0,0.1,0,0,275
0x19ee073e863c6a6f6da9326044067507ea76a693,0,0.1,0,0,275
0x1257b700a36c1992bc284232b1906a205ffa0220,0,0.095,0,0,261.25
0x500dd643792a3d283c0d3db3af9b69ad6b862aae,0,0.092,0,0.48,253.48
0xdb02db34221f6116a993b4a70cefe28b9aff379b,0,0,200.46,50,250.46
0x171e659aba00c78e0e08c2c5e9c6b58c81199f16,0,0,0,250,250
0x3676e5592f909e70f2bf992523f732a610f2c1c6,0,0,250,0,250
0x565cc29887cfa32ffd18b14e75fe037ca0d0f434,0,0.048,0,112.42,244.42
0x3f9bb3ca99b413fe09d5ca26034ea7d220fc044e,0,0.08,0,0,220
0x750630450e37a12ccbfb64eaa2d6d1b0318a1316,0,0,0,215,215
0x9a3644f299b425834071c5e96ac3cdf7d7cf3ac8,0,0,0,209.43,209.43
0x101d88a0f5ffee6879070a11eb20a2ffa3e1074e,0,0,0,200,200
0x865da0c8d3af4b01c83cb133316f4e47c90fbc20,0,0,0,200,200
0x70a6da5b4e4caa303ced298ac3a213c396c04195,0,0,0,200,200
0xaf20401537564e6dee8be61eac161b10a5e88772,0,0,0,200,200
0xb1bd6ba31c6f94ea2e547c8e345f9e75211b4d26,0,0,0,199.77,199.77
0xbe5db17252907470e9e8f927c15a68f482c61da5,0,0,0,199.77,199.77
0xf7c69bce3a71712fd1fbbbc105064f27382d8163,0,0.0698,0,0,191.95
0x7383fa011771eb864b53d8936426153f63cdd10b,0,0,0,180.57,180.57
0x214175f301d82a56b213395abad756a5e6b2eb85,0.0016,0,0,0,176
0x2e550efb9cbac3058c1482f1a939291547c0a1b6,0,0,0,169.81,169.81
0x051650190c3a27c5187c537d55bac90553286294,0,0.06,0,0,165
0xa11e87dea51429fa7db5f082dd924adbd69049eb,0,0.06,0,0,165
0xea76469d28efa31a25810f7e7bfc6b5f7362067e,0,0,0,155.41,155.41
0x837b12eaf88d14f05418a5e589cea489cfe12801,0,0.055,0,0,151.25
0xf46f179ad48e5f2a69f35f95040d9ab3a224a321,0,-0.0004,-14,166,150.9
0x6d5efd88eb238829c5bf434e8b45b5f5be802a9e,0,0,0,150,150
0x2cd873d5c3b1ce440b1f7d82e283c1168a5b8403,0,0.053,0,0,145.75
0xc66a34e15f8d1cf75b3fd866234af1391832035b,0,0.0525,0,0,144.38
0xd54eff4ce9e4cdb2faa2267145545a233cacbfbd,0,0.0519,0,0,142.73
0x1a2c9a04b7bb05a6c5b577fe243d7fae1588e9ac,0,0.02,0,82.57,137.57
0xa7eadf046fd41b3ad72cce83262571de348b459e,0,0.05,0,0,137.5
0x6b301f12ac1e5e2c116a3780ab4e5d19034d5e61,0,0.05,0,0,137.5
0x25ebab74687236c711a612da494c79eac2a0f250,0,0,0,118.33,118.33
0x655c7eadf9360603cb5077d8dc57fa07bcf61d55,0,0,115.79,0,115.79
0x7c020587596ee0772cd970b1fa6a5ab4fea10949,0,0.0411,0,1,114.02
0x70efbeb2c676557f5d1e097a1c19ae9a43514ebb,0,0,0,110.78,110.78
0x7acceb2ee044c4079d3c822efb4a52fd0ab253b7,0,0.04,0,0,110
0x8d28b6d855378bd6254bb86f0cc07a76e6848487,0,0.04,0,0,110
0x5b5c989bc810e139e567e595ec42932e732c4708,0,0.04,0,0,110
0x029fcfa9f0ef93e39e79c0535b467857b047eb1b,0,0.04,0,0,110
0x742f068446aa226cfe91108f0b788c0fb70795c1,0,0,0,108.18,108.18
0x8325aff2ccc014468cdf20f2538d8534db7a100f,0,0,0,107.4,107.4
0x1727ccc1121864aceaae711d53407a0814d2f023,0,0,106.2,0,106.2
0x677f0fb523ecfe8343560ddcaac47e1eab34409a,0,0,0,105,105
0x61d656c068b93202ecf787a2872c58b39a277b9b,0,0,0,105,105
0xdf6c74e0387570344c4c36ff77c79fd805c5b5f7,0,0,0,105,105
0x694da39965a6a817ce47b7d3efa622b992b382f6,0,0,0,105,105
0x42492200015c883f24cf5e631208d1081d128666,0,0,0,105,105
0x31ea2730a76c7d480bba0267eb91d02a3087ea88,0,0,0,105,105
0xeb4b407df8cf53861507c8302bb40b3e977f0b77,0,0,0,104.55,104.55
0xeb4eec4e1946f0ef984b09c594af08668b7239c7,0,0,0,103.04,103.04
0x1830bd36b050cf083087443b15ca9ee959123d7d,0,0,102.52,0,102.52
0x1431a59a078a6cba473c3899b6ad358ad698d2a5,0,0,0,101,101
0x25042025d33ba5fd407a11bcd1e81e5fe8f574bb,0,0,101,0,101
0x95fe3f2fe994ecffc8f22689a6f24f35775c20ad,0,0,100.99,0,100.99
0xcb70c908169a5fdbe1d0de2dc79c26f0454d320b,0,0,100.99,0,100.99
0x0ddf4e092862c8a7ed4a0a5111f029446a1557ea,0,0,100.99,0,100.99
0x9f57d21d4e8331fbb41c0e94d2426dd07e2ce0be,0,0,100.99,0,100.99
0x2f37a8995b7f6352b64df8d16f2fb756fbb5ae0c,0,0,100.97,0,100.97
0x5f9eee12e62ae0b7f2279ccf96bd640b0ae00166,0,0,100.96,0,100.96
0x4038c46545ed5c7432ab1ad925071d91ad7d65df,0,0,100.93,0,100.93
0xb232d899b39ee282ec26bba385497b9fcd150ed3,0,0,0,100,100
0x4ffd0a59a26cb2aa76d403215e4cc2845c053994,0,0,100,0,100
0xb6699cfb5973cb4a7c803b1cc06d7216d7a958fc,0,0,100,0,100
0x6929a525c79b8a0ebc991194505ab8a084a0b786,0,0,0,100,100
0x7bac16a888e14e20896b987a732667fddfb88fb5,0,0,0,100,100
0xfd3ca1e072ea69a9e651f6a3112ad1c757366dfc,0,0,0,100,100
0xcb21dd698c266b73ee772cf78f0f74c191a14e0d,0,0,0,100,100
0xf84bfa23c2ab766c47056011b26e2d12ade5c754,0,0,0,100,100
0x12f30aba40f199f917fb716e868aa9c272b868d9,0,0,100,0,100
0xc5f6e1c3fe7078a09f3d8d05b0e883d1c22a1489,0,0,0,100,100
0xf2b22e4cfa1f9d20d6fec2e7225e14e72de5ca59,0,0,0,100,100
0x79183df82d5646d0e3e6e1f836ac83e3deec481d,0,0,0,100,100
0xe9e0b8b2066b82fa03d5a3471dc1c718f45f6989,0,0,0,100,100
0xd36f6c76572e7a2e9b457ca7de541c2f4115c649,0,0,100,0,100
0x1d7d55af165f78704b76cbb725d88f8dc3588a76,0,0,100,0,100
0x3b76fbc3e1c44eb8ecf4b711ced5160042dba80c,0,0,0,99.5,99.5
0xa4ae3446f8eb8551b07015e06225da4812ecb912,0,0,99.43,0,99.43
0x2011c32daefaa28fa995f32cdf23bd67ede34e57,0,0,99,0,99
0xd22a6526661e16d4eb02480854270d131514b198,0,0.034,0,5.24,98.74
0xc56493884cece55363849a9e5eb389b309c5441c,0,0.035,0,0,96.25
0xd48f1a44e56526e96a983ff750559aa365810d5a,0,0,0,95.65,95.65
0xc0b7b4f02c2b90fc47f6642de8b10d00605f881a,0,0.0322,0,0,88.55
0xbaaae914f34c4f0211004ccb0f0f44dfda01e1da,0.0008,0,0,0,88
0xa4dda6e916492f361722f9ad1b52bddc07489ab8,0,0,0,85.55,85.55
0x5862d76057b79e75a02955d9071e6f5622405189,0,0.03,0,0,82.5
0xf97d761f91ebda89b8b38ba0620fec2b4f40e0f6,0,0.03,0,0,82.5
0x2a105464a47181bac686a522f3948ac27cdbd1f2,0,0.03,0,0,82.5
0xf115d93a31e79cca4697b9683c856326e0bed3c3,0,0.03,0,0,82.5
0x2a70938d79d975267da22c1f6b7f0c1e2ed42036,0,0.03,0,0,82.5
0x79cf112b08a85a71cdd33e8da217867caf3e5df8,0,0.03,0,0,82.5
0xd9ebacee08b82adc03599dd602ce212df9a4fe29,0,0.03,0,0,82.5
0xbee45ef2deb682657759a1d4e42ab51e3799a775,0,0,66.12,15.88,82
0x64739640e38f55e6bf1e72a3b10405395f71fb45,0,0.029,0,0,79.75
0xf879006eebfd806f570b836e5dc4ee3946bc0096,0.0007,0,0,0,77
0x53fe88ceb39f23db1fcd4d6beb55965f6ac1764f,0,0.027,0,0,74.25
0x29fc32ca5689f52945dbea7485ad44954bb129b8,0,0.0265,0,0,72.88
0x7a96c4d6d86be8af67434064943b8ec1a573a069,0,0,38.31,33,71.31
0x4eaf0397a12d5e0937be107632e4879225d63b77,0,0.025,0,0,68.75
0x5af06f87e079026ae72eb1222c87da3d0418d8fb,0,0.0235,0,0,64.63
0x0c4aaed00ba1ca188b5935cbe2b9dfc37d934142,0,0.022,0,0,60.5
0x5d799e0a223fd22618a06286dc48a4796f325f5a,0,0,60.3,0,60.3
0x24e32bb964721dfac9dee9e9ff71ac476652e8ef,0,0.0167,4.01,9.38,59.31
0xc4e59b0111b7a10c4a655aee09215db6f118c447,0,0.02,0,0,55
0x5ac331f1813f2e4e0fe5f3966c7f6c0f1da31ae1,0,0.02,0,0,55
0x973322f3f3d6ea384dbc5a1736c4b1f57cc6db9f,0,0.02,0,0,55
0x3ead96cd0702c6119393452c20579c3a75ab4399,0,0.02,0,0,55
0x09c4eea8ad5e12e1979a9edda897c4cac13baed9,0,0.02,0,0,55
0x357a15f1d5feff777fb38ec5424cc2605c091fb8,0,0,0,54.9,54.9
0x1ac03ef8272fabd680c7bf307119406f52802126,0,0,0,52.51,52.51
0x45ade3775d0e5da3a5bc94dcceec069f6c5567dd,0,0.0187,0,0,51.29
0xeeb2d1a365cd088774431492011cee237d4cd7d9,0,0,0,50.25,50.25
0x4cf3e43e79824a4f969666fdc48eb615fbc54c3d,0,0,50,0,50
0x3c946ce00082f8c7f8fc0790d6052d7c4d4434c3,0,0,0,50,50
0x89d50bee6c9fae42ca7731da558d0e4293e36741,0,0,50,0,50
0xffb82eb04de9fb268afcf9e7a25040d2ca87fb28,0,0,50,0,50
0xfdc46693f2b7fc9adbccb33c49dd0f1a63250dee,0,0,0,50,50
0x5cd9aed3014eee530caa3bdbe38311ac2eba557b,0,0,50,0,50
0xfab36de55840d2f3ff4f1472b828ff8c8a2d48d1,0,0.018,0,0,49.5
0xb46c67bf6ec04b6fbe9d34e7901b95b26bb8866f,0,0.018,0,0,49.5
0x64bb8d764fbc9343493e508d7acac257498ce3e7,0,0.0174,0,0,47.85
0xa114f682b4867406b62f82b34aa2462bda5dc3a9,0,0.0104,0,19,47.6
0xb9941d875ef1a7b2aac2d0abbb1b5f1193874f17,0,0.01,0,18.26,45.76
0x9ef2072337c03758bc2d5dd71322a82e18a70796,0,0.015,0,0,41.25
0x7a0e20046773fe17a35e4c5c28e08b7668dd53d5,0,0.015,0,0,41.25
0x939b7096e162c1d6dd27c3d6120fdc2ca5847f06,0,0,0,39.92,39.92
0x96307afcb4a259ffd4003b68d9e8aff67a39bd24,0,0.01,0,12,39.5
0xf17d2cb912f0af72f1300f928cae0947bd280f7e,0,0.014,0,0,38.5
0x7f0fc013f949475e74c32ba97ed32192df8a01f8,0,0,38,0,38
0x68a0a4bad5978faa01cd248d00057850f398ba41,0,0.013,0,0,35.75
0x7443dc8d1af701207c8202cfa284b2f45002e7b8,0,0.013,0,0,35.75
0x496b1fc49fb63ba3b30151192c2a4256b076d494,0,0,0,35,35
0x0bc71bb95cc09743e22b1db6c282cdc295ea1989,0,0,0,34.61,34.61
0x2069e272f47c9e976ec79b4a4aaa1ea2cabd6ac6,0,0,0,34.6,34.6
0x3dd5ea70b666c176b334638e703dfb115362fe72,0,0.0125,0,0,34.38
0x95af5866573adf670a69eda1019b70521a68fb5d,0,0.0115,0,0,31.63
0xb3a94e75e6acf3ff25c9aff0e3bfd172d9fcb23d,0,0,0,30.02,30.02
0x7a559dd20fd34c4c547ee751c3adcb5f0cde24dc,0,0,0,30,30
0xa9a58c96e9826e5f9780da3e86b93b25fe712587,0,0,30,0,30
0xf5873a15f2cb3f54740532589523438b84d9bcb3,0,0,0,29.84,29.84
0xf85761b55272d5ee30139dfe742499ec8c052306,0,0.0106,0,0,29.15
0x37300204bc99fdea0ca7803ff19852ae2544ab52,0,0.003,10.1,10.09,28.44
0xdabf0f907ffbed548a9427ca178a6294dbd378b9,0,0.006,5.59,5.6,27.69
0x488011d9f80e6ea47ab79a531464c6118e37bf6e,0,0.01,0,0.01,27.51
0xfbb123bddcf75c751c0e2078c246ec72818ea930,0,0.01,0,0,27.5
0xe488a8b3a410f03b993051068c23e984e9392f8e,0,0.01,0,0,27.5
0xd9cac90e03b50762394b6b7ce467c628c3d9ffd5,0,0.01,0,0,27.5
0x1ef9eb8bbbea9f61155ab9575bd99515447f712e,0,0.01,0,0,27.5
0x6ae8c7bab2c4861ba5a451dfd4b4a83c06c2a7c8,0,0.01,0,0,27.5
0x95c2d01f0643dc5d252510bd9cbf1690788b6499,0,0.01,0,0,27.5
0x13b5aad975de738dee4c7c0b2793d836d62e0e45,0,0.01,0,0,27.5
0xf7d48050e09804de338c120f61ce64850e3b34b5,0,0.01,0,0,27.5
0xb6ba004f81e7760908abaf8055ef53cf2f435155,0,0,26.13,0,26.13
0x59781a1c7e7dcefd724d765b205eb57c6008ca21,0,0,0,25.96,25.96
0x882d244fef9a574fbc636971df8180760a1ece84,0,0,25,0,25
0xad073d923073e7554c2e8c5deb71f951a4d30b04,0,0,23.7,0,23.7
0x1b1347066fb22eeb3f0eceb9950c0b03b5701ef9,0,0,1.55,21.79,23.33
0xa23017dc1ee283aeeb3e3f435b5f0c06e3214286,0,0.005,0,9.29,23.04
0xc5135d008c1fb7b4554255ec4d82cdb37ddd8a09,0,0.0076,1.84,0,22.74
0x0b34f02845bded1ad1d64beb013e68b5b5cdccda,0,0,21.7,1,22.7
0x2515b754e606b9461fc90f9c5ab3f2df8767fbc0,0.0002,0,0,0,22
0x1fd858bcdd2d8e138d5ecf612191fa80957f8d0f,0,0,0,20,20
0x0045cb2b22bc2615a09a90bda866ff272c893906,0,0,0,20,20
0x24b1ffeb813d63481b904435d32b5ad2d83383c9,0,0,0,20,20
0x9a54af3059f460349e9412ad2180d03896922b9c,0,0,0,20,20
0x25f543a83ec34a9604c277d0ef6fefbc2235384d,0,0,0,20,20
0x1e00869e3ca5c3ee8bb35d49ef0a7a6286e3214f,0,0,20,0,20
0xf61d311781acd7a6e60c0457c52f9a31767f72b5,0,0,19.66,0,19.66
0x590039c1e26cdaa845b7e2736b93bacd2c531980,0,0.007,0,0,19.25
0x52344ce6edd6cf9dffca4908419c2a8c01ea2ea2,0,0.005,0,3,16.75
0x8f50a6c2475dcdb8d47a5c99a7b0256f29a8e693,0,0.006,0,0,16.5
0x226d56a09806dfb70b2a770da43b9e6569e07795,0,0.006,0,0,16.5
0x29bdfcedf0d5d47b2777832d6c39919e98d984ed,0,0.006,0,0,16.5
0xc8cf39b6ee4e312fdcb7028388a0690d1ceb45fa,0,0,3.28,12.66,15.94
0xa675d0d6eb15409a5e4101f18d796c6dd161c747,0,0.002,0,10,15.5
0x14cf2e235335db05ae4bb187e9021c07452da45e,0,0.0055,0,0,15.13
0x10103d79ac194eb0c4cc75742bda65c18dff335b,0,0,0,15,15
0x7c0cced07503bbd218563ad5fc311a91d0d91614,0,0,0,15,15
0x1e8b446e50d66364b47df92847b2d425c9460c84,0,0,15,0,15
0xb6f4a6067c5a35db4590b8dcd16b7f98fb5c9516,0,0.0053,0,0,14.58
0x35d178fa8f36d4704bab30d72ab509e20fb1318d,0,0.0053,0,0,14.58
0xf6ac1cd0c4fc4e7eb167d427fba6997335d3f36a,0,0.0052,0,0,14.3
0x5059f3b71d97a8449db345fa5aad07219c612fca,0,0,0,14,14
0x7117068563f580f18220ea802534fe9203b9f81b,0,0,0,13.93,13.93
0x54000670bb1eaad63e8451b659d0671e87ea374c,0,0.005,0,0,13.75
0x863ed6128a17a264be6dd61f8751e04028153dac,0,0.005,0,0,13.75
0x219877d35d1006d2f49e53a43116b024f6832d12,0,0.005,0,0,13.75
0x266abce9682f3322387f0779d11e370451bd7261,0,0.005,0,0,13.75
0x304300d6ff3b3e94dfed7215c33839358d43dec0,0,0.005,0,0,13.75
0x14f11e8da60454b104cade8180d124e9c35bd2cd,0,0.0048,0,0,13.2
0x2e976f0633ef80771ab2cd93100ffee0fb6dabf5,0,0,13.19,0,13.19
0x6be57c552e045c2bc4996874d2bfa619250c60ba,0,0,2,11,13
0x0fb51dc234d236f3642f26bbdbaa316010883d31,0,0,0,12.48,12.48
0x2ef8f5fb4a01979516f297704b2ff5f524cdb71c,0,0.0045,0,0,12.38
0x7417e92dd4e06c80086288b063fb25c74a6002ad,0,0,0,12,12
0x486a0606749a095494a8a65bab7c72ffdb150a43,0,0.003,3.22,0,11.47
0xfef1994b322c6e862191bb85994a678c13c180bc,0,0,0,11.09,11.09
0x9477f4ee18a3c67806e993c084f134d7c913d0e8,0,0.004,0,0,11
0x937fe30fefe2faea05516b4677ed712a23f10064,0,0.004,0,0,11
0x8d82e2aab881c67535a5ba675472bebe40729960,0,0,0,11,11
0x525c624489edac03ecc6c0023aabce747d285c2b,0,0.004,0,0,11
0x19d6310388abfef418a199c38c7f8c3656d819df,0.0001,0,0,0,11
0x4521fa3d82431e5ccfa44b9713bde64d5589a6a8,0,0.004,0,0,11
0xddc7fc75efdc60257f10eb000ddcc95bb65deb57,0,0,0,10.85,10.85
0x9ddded31cbcd35aa14c8f2894f8dd1cf66d1744d,0,0,5.17,5.23,10.39
0x7d622d7fe8ae1b2245477bd0d16bf8a58333b016,0,0,10,0,10
0x2d645c63c75b5e36252d5d9ab502b1352d045369,0,0,10,0,10
0xe0697194bc33d95edd8dcb1206139b78ea6be188,0,0,0,10,10
0x30c83633300bd3fea3830aa4e6d9c5e995b39d10,0,0,10,0,10
0x63ebc5fde3588cb9c72375f16867cd6c748c4390,0,0,0,10,10
0x4f942151474fbc3e2f05c078af594f5046756177,0,0,0,10,10
0xfd8ca56f9f6751272afaef36b514565b17e2eeaa,0,0,0,10,10
0x63e0c99876c42f21d8a75e09e2704ce8c0d77b22,0,0,0,10,10
0x5f13ac80c84994915f985aca51019d08daa2e4c3,0,0,10,0,10
0x18cfbf7cbbc6c9c6f911b0df9dc1b6a2a6258f43,0,0,0,10,10
0xdab22ef91115e1d9c2458025aea8223012f21c03,0,0,0,10,10
0x1373b82bbcce0e8f02195e377172176dc5812744,0,0,10,0,10
0x2188b43acaf57981aa1b5f1f041a907945b3736f,0,0,5,5,10
0x62ead07d8f7d497ef9d093285930e0a7284a0fd1,0.0000801,0,0,0,8.81
0x8c3bbdd341c745de8b270d6c7812f4254f99e83b,0,0.001,0,6,8.75
0x85e6673227ddc67f5c88e4269a76197c972d70c1,0,0.003,0,0,8.25
0x9c1a3325ad4fe79c6adb4336ff4b5d4aaa7ec2e9,0,0.003,0,0,8.25
0x8fe067deaa37cece05601223a763b9961769e6f0,0,0.003,0,0,8.25
0xe7925d04ea7949ccf921da3c412ec23dd845f2f0,0,0.003,0,0,8.25
0xd8f6ae91cb777706206aee7017b770a9a6778bac,0,0.0011,0,5.02,8.05
0xe41f694d5f93a4d634072ae1c4c50d78d6d38247,0,0,0,8,8
0x6d3c1187a60b672c1aecb43a5aaea9abeec2b298,0,0,8,0,8
0x71f428116d04fa4c9faa339f9e8f9339d38042ef,0,0.0027,0,0,7.43
0x56d5ba9958f7a18f36b926641b9e26e611fe587d,0,0,0,7.23,7.23
0x3b7d5a574f5e73521ebe7f48ceb8b996fce9ead4,0,0.0026,0,0,7.15
0xa5f146cbd3ee13f482315dd0f873c2bfbbc5f2c4,0,0.0026,0,0,7.15
0xb0a2f966b33419d37d7b72fab169f90ccb9bb7a9,0,0.0026,0,0,7.15
0x75e69195158d8b889b9ac36fa01ff2ec234e390d,0,0.0026,0,0,7.12
0x4b0a20c79e567d99dbc2596d916be7c1260102a0,0,0.0025,0,0,6.88
0x7b6174ffbcc3ea950203da34bf1a346caeac8d63,0,0.0024,0,0,6.46
0x56e61edeb28062d2535c97f465a9f7f6ec04c7e7,0,0,2.94,3.44,6.38
0x0b13a9e4c7d176cc549975229d9090157d4fb7d7,0,0.0023,0,0,6.19
0x5e7732d6407c332cf91780dc084b36102cdea094,0,0.0022,0,0,6.05
0x557c7d930a502900b534954512289b698620c120,0,0,0,6,6
0xa6632ea2925f42885768f730b2ba05140172308e,0,0.002,0,0,5.5
0x0c10a622f3634c66e1dc7ee3888bbc187679e2c6,0,0.002,0,0,5.5
0x92851633192abe05b58fb27f1199d26d208e1dcb,0,0.002,0,0,5.5
0x0ed2a3edbe4f8606a9f1ae717c902c816206c893,0,0.002,0,0,5.5
0x7f0bed5c157432c9f92c53f1b6870dad2a888e76,0,0.002,0,0,5.5
0x346c809b9b89ec507bd2b4a0020b412685b2d05d,0,0.002,0,0,5.5
0x39dfd8dec704cf29bb2d2cf158710c99172eed17,0,0.002,0,0,5.5
0xd5aff5e2ffc17423e3217811d2379498bc4948cf,0,0.0019,0,0,5.23
0x441f2e35ab2f9c8831dadc0ff7cb0baec0946135,0,0,0,5,5
0x0c8863efc28f0ee073f2905a8d2fa846a03aa1df,0,0,0,5,5
0xbd23e74ab939514a42b92b522b3902ea04826fb0,0,0,0,5,5
0xa072f355f180da698e9ed4ad044e57c124a81e47,0,0,0,5,5
0xf437b0595d22ff21790050f693e30d94765cbfd1,0,0.001,2,0,4.75
0xc06117b82694e7371e598d19eebcdb09e4ac5cb8,0,0.001,0,2,4.75
0x1c13a36baf59b3216b2535185fa8479c4a2487b0,0,0,0,4.5,4.5
0x28fabbf66efe2cec6b5d30c009f63b05e7b3d4e9,0,0.0016,0,0,4.29
0x8300a57b8a5d9237aa5740e965cfab9ad7ed1927,0,0,0,4.13,4.13
0xa96437876586239f80f968dd3c23317205a9fca8,0,0.0004,0,3,4.1
0xebb83b26f452a328bc6c4e3aa458ae3f2df844c4,0,0,0,4,4
0x1e20372cb23e32f36a13656b6d253f0c80fa5098,0,0.001,0,1,3.75
0x1c55d9c365f9cb5f09a6f98843f08c764a8f0f1d,0,0,0,3.46,3.46
0xb50be01222e5ac59aa3df874c13c691a3e07451d,0,0,0.27,3.19,3.46
0x8f37fdd3037b29195975d9e2f7bbb36ca51887dc,0,0.001,0,0.5,3.25
0xc0af6d8a2fb21f1623e6023c5725a41f36ff5d17,0,0.0011,0,0,3.03
0x12b112ec04037e462d4dcf891363c21d9b186635,0,0.0011,0,0,3.03
0x2b6aa24e38e3a4310e8283a932fd9ca025a04361,0,0.0011,0,0,3.03
0x206d3122815cc97c8b325ab8f521099a049b2705,0,0,0,3,3
0x77b9dc4e88e97fb32ad5c028fcaec037fabcc8b0,0,0,0,3,3
0x50cd4175e0bb2cc85c225911096dbdd01dd14926,0.00002614,0,0,0,2.88
0x2a1915cfbba5525e44bc41b516d35aebcdaa64c5,0,0.0007,0.9,0,2.83
0x59c780472a04b88f14e0c46a00829540ba8bf260,0,0.001,0,0,2.75
0xe55a2c4048041467e7264da0554b14e72efb2b64,0,0.001,0,0,2.75
0x720ee847e27a400a03f429abf5b82fa99fe09296,0,0.001,0,0,2.75
0xcf7bad6206825808b5b548b555ffcab6c89f0c6b,0,0.001,0,0,2.75
0x254bb9048ce30db7c0b39193299b0bc350b2136e,0,0.001,0,0,2.75
0xb60c49f9f4b2fd75ebc5fd9aa19eda27f8229464,0,0.001,0,0,2.75
0xf7f2c753f08c61908f5097ac71671cfc20b18d00,0,0.001,0,0,2.75
0xd478897fe87f6699ecc4e13c084f52521ba3d61f,0,0.001,0,0,2.75
0x3e57c429bcdf4ed02a224fb7f3d991b256badc6c,0,0.001,0,0,2.75
0x0d7d295ee9e4dd359e908eba2da4074e519196b3,0,0.001,0,0,2.75
0x31a285537ab13ee282fa7ab1f5844451d16b809d,0,0.001,0,0,2.75
0xfbd9275bf42f21b7cb857e6c00ffcb99443718b5,0,0.001,0,0,2.75
0x8eb5faec2bd917995630482feb6c48f0cf4d937b,0,0.001,0,0,2.75
0x425d8a3f3dc894d2ec4785a048178f421711e91b,0,0.001,0,0,2.75
0xd3a5a3b167ff2eab162e1e8a69b5cdbb9c68ba3e,0,0.001,0,0,2.75
0x5b2a8d72cbbfe6f9a70e5dedd81862eeccc4d655,0,0.001,0,0,2.75
0xa1438db00fb06eb3c7c2a7bb748f333fc94743e2,0,0.001,0,0,2.75
0xf357513f803e9128e7a905ade2e0ecd05a452279,0,0.0006,0,1,2.65
0xcdb6bba8deb945a3dbd5ab1c8cfce2790abf0870,0,0,1.47,0.85,2.32
0x2fed69d629cd6235b79e349a285a274dd8e767a7,0,0.0008,0,0,2.2
0x2d1a0f69ea53d61b4f74648ca1db523610784406,0,0,2.16,0,2.16
0x66d34f5eb6bb2fea8c8e9eca4f5133fb6a875fa8,0,0,1.01,1,2.01
0x5afad223398f97d53beb0c3bd264783559dade78,0,0,0,2,2
0xb1647b50c253dc3600025ff5b9155acf4884813f,0,0,0,2,2
0x3cd7e1305a72a67066f0b06a376aa7eca08c94dd,0,0,0,2,2
0x498f244f66913804c1e1c2ef868a04c05928a0e9,0,0,2,0,2
0x957c23a69febc71fc2671bc343889f0a696a0c81,0,0,2,0,2
0x2203e1c18f12abab45bf1756963fca7067f7e95b,0,0,2,0,2
0x3d807ce6fc677f95cdf39daaeb3b26f1ebdd41b9,0,0,1.82,0,1.82
0xe42c148634daeb6eb8cf6210d251bebae6eb6771,0,0,0,1.68,1.68
0x67ee42b2a3102bcc9d40c70816d3d34f7e40d713,0,0.0006,0,0,1.65
0x04eb9b9cb5a6b0a9ce35f03c2688e02bc5543ab3,0,0.0006,0,0,1.65
0xb6de4c4fe8366795f929d37feee0b1a836b2b679,0,0.0006,0,0,1.65
0x137a3b64a7e712635efc091e40b52431fa3a3f0b,0,0.0006,0,0,1.65
0x3870eaf46dd6e39b390456a969b223234a57e9ed,0,0.0005,0,0,1.49
0xa3875cf5d001458c1e2f516c98f2994981ed69fa,0,0.0003,0,0.6,1.43
0xe7b84b45239900dade60b96e813025746c98ecd3,0,0.0005,0,0,1.38
0xfb09154fd768f599e346a4cb53b022394300281e,0,0.0005,0,0,1.38
0xb55443ed4394cf76fd394fb93dfbd90ab143ca30,0,0.0005,0,0,1.38
0x6ab972159245fc0c43c567470edcb67e31e79284,0,0.0005,0,0,1.38
0xcfad834e4f8457cb7319523e4818806a578ac2b9,0,0.0005,0,0,1.38
0xb76b82e71a23915a93ede3accf61c26d89bc2170,0,0.0005,0,0,1.38
0x498852c3c557f2ad522f8862141d87c61d1a8e50,0,0.0005,0,0,1.38
0x46b47faabcf6e3972633e05743a1896996377163,0,0.0005,0,0,1.38
0x311f16f0cd3afd4cafbc6d39c730ab365dcea2e2,0,0.0005,0,0,1.38
0xea63e9cb16301482abe95c5806dba3513d1608a0,0,0.0005,0,0,1.38
0xbcb15e3d0cd0689224fc4b59e2c3003c346d8863,0,0.0005,0,0,1.38
0x3b092e26f77cdaff006e41533f55444485bfaa74,0,0.0005,0,0,1.38
0x1090a19df26ec005690ef9f41389afa8c86c955e,0,0.0005,0,0,1.38
0xe029a1301dcdb627c84f383d6f2cbee2d9bcc320,0,0,0,1.3,1.3
0x2d6ed387f4e13ae302bc164dbac8e2f58b5cd6a0,0,0.0004,0,0,1.1
0x44f4e83e6ffe27164ea7f4f232e3399cd36aea36,0,0,0,1.09,1.09
0xe078e32c2ab64b38e0a3fcb273523b225087382a,0,0,0,1.01,1.01
0x047b567ee73cddb4c56e2af547e5d7f80d0ba678,0,0,0,1,1
0xd66e49ffae5337017f13f36d361491339d050a86,0,0,1,0,1
0xf940ae7e8276587210c568bcb7f4243e0985b093,0,0,0,1,1
0x1876098bbee6a857cdca1f8b3f034c0061e94144,0,0,0,1,1
0x801b1f4056d998072d6ad41e7b68cee5e270184c,0,0,1,0,1
0x84ecf15af6fec307afeab934b46947967bc02d5f,0,0,0,1,1
0xed2170462e997b9590f77bf2cd3cd283b877eade,0,0,1,0,1
0x3eb8b2f4584c642a43ed5cad2f83182de41b5de2,0,0,0,1,1
0x5505f7442fcbad24f65265c422f8a055993815c4,0,0,0,1,1
