#,address,fsGLP_distribution,eth_glv_distribution,btc_glv_distribution
1,0x69ce8721790edbdcd2b4155d853d99d2680477b0,819191.53162266151048243,360293.901917936047539115,331479.794664578454103321
2,0xcb89e891c581fbe0bea4fac2ba9829d816515a81,267507.885375918995123357,117654.365426596428733319,108245.087372815090930089
3,0xa827150caaebabcb696b9b44d16c2367dd03828b,115773.135847673969692551,50918.928286782393115573,46846.743181591373286210
4,0x11d67fa925877813b744abc0917900c2b1d6eb81,48276.536000000000058208,21232.814128422491194215,19534.743247038764820900
5,0xa9a5f6a3777d128d7abf2ff972ca146a13a3fca3,26775.98470460810494842,11776.518231101492347079,10834.704179917887813644
6,0xc87374d34e66289005324ae0457fca898e823c68,14466.695797241380205378,6362.690622940657704021,5853.841461038652596471
7,0xced29ba48490c51e4348e654c313ac97762beccc,13655.173310344827768859,6005.769692961139298859,5525.464888603494728159
8,0xf9748b92ca6b8e220fd220f56ce527869e34bb66,10423.920275862070411677,4584.611491323110385565,4217.962246018791120150
9,0x1b5b7b514771beec3c83add7e0165166dbc77320,10344.827586206896739895,4549.825226244661280361,4185.957974106416259019
10,0x19de5bf0977f858c530e8ec53242680386537d89,9834.09162964719143929,4325.195156797792151337,3979.292446604099950491
11,0x4b4d897cc153a5923730e86aa58ae30816229a7a,11189.434064342949568527,4921.297039423725436791,4527.721738912852742942
12,0x3c01d937a899f95fbb26f478ae2d157d715293f9,10942.124157433212531032,4812.526076951771756285,4427.649614145434497914
13,0x30d14e0245063fc2c39f9d0720c2109719968e85,10644.898536164455435937,4681.801362763404540601,4307.379464731094230956
14,0xb80ebc2e6f0ae48d801471f563526efa47b1e236,6896.433931034483066469,3033.165010153198181797,2790.590985296145845496
15,0xd8c8f8e07f779c34aec474ba1a04e20e792b5c5f,8928.155484106002404587,3926.749547723943578603,3612.712085466360804276
16,0x7453275ad8cacf3a44d19bd10e5b6a2832b05fc3,6696.116613079500893946,2945.062160792957456579,2709.534064099770148459
17,0xea00739f02d4134e78c51a8c4ed6ceeca6c19d53,4352.627103448276102426,1914.356950918169104625,1761.258366092465848851
18,0xecca7559a64d3005c8c0cbeef7ce04dc2c8ff814,5647.058343697045529552,2483.669088935394029249,2285.040394057472894929
19,0xec9ebe950cad79fde4139714283145137ce24aad,4137.931034482759059756,1819.930090497864739518,1674.383189642566776456
20,0xff2779e68e24b725c625f514acb36736a23391e8,5561.356578761772652797,2445.976043905228380027,2250.361808712645142805
21,0x6c68601d1063b963f1dff2a1cd138d7f6e96963d,4464.077742053001202294,1963.374773861971789302,1806.356042733180402138
22,0x689dcb6c727a18c60c42635f99c78bef67367ff0,4417.411737003440066474,1942.850297720324761030,1787.472988924013179712
23,0xdc308f2d2f00889041e74b9c3d6e6b8ad57d81de,2793.103448275862319861,1228.452811086058773071,1130.208653008732653689
24,0x31a636802504bac68a69a639c66e246c6f1cc6b4,3019.106413793103911303,1327.852630478648734424,1221.659081524330076718
25,0x1ef91043d3cdb315a5c97a03b843e6095ba6ea02,2398.389826864514816407,1054.851271874884332647,970.490705341991542809
26,0x7f677cff258702ddb349d227e46991d5a3277b4d,2061.654758620689790405,906.749653429377076463,834.233350414595861366
27,0x2807cc96ca226b4f6bb47a81f67d1905d8c2a1e2,2086.912620689655341266,917.858476369607842571,844.453757497787592001
28,0x52eb4bd04dea22dc589cc973a96d9e1f9e423c12,2068.965517241379529878,909.965045248932369759,837.191594821283388228
29,0xa611cb6409771c9c5c2949fedd722023e4961ce2,2062.068965517241394991,906.931828431435974380,834.400956171879101930
30,0x09d1d343a163e891b4c15128a39a2f4df714d370,2112.044205502320892265,928.911760496704573598,854.623067423143425003
31,0xe34c1bf99bf238bd7bc7a42498273f69b430abe6,2484.226068473978102702,1092.603461956958653900,1005.223705678462579272
32,0x055ddc40fbe329e3b43cb06f56a9ecdaca3ad521,2432.922369418885409686,1070.039251754774568326,984.464043289583173646
33,0xd25efb72f479dc9a9acc20fad35c44c1cb34dc33,2267.13282966193582979,997.122286832187228356,917.378532179243052269
34,0x0ac0240f4656dc80684d0df1208bb91c0220725d,1690.932896551724070378,743.700084366405576475,684.223490726623140290
35,0x59d2e0a2be0db463c36038a5fd2535f58ab3b38f,2257.910770977279298677,993.066273825522557672,913.646894337333947078
36,0xca2d73e3b15cd376f38e526e5dcf04fe60855a67,2232.038871026500601147,981.687386930985894651,903.178021366590201069
37,0x112f4dcf0b4fe5938098d9e743d72d939b4f6075,2232.038871026500601147,981.687386930985894651,903.178021366590201069
38,0x8253569da40c19350ec3067b4f882658bb403c81,1839.132501337268422503,808.880706735772264437,744.191364743065150833
39,0xc693b4ffb338579467a541b2bf267b1955870920,1379.310344827586277461,606.643363499288170715,558.127729880855554256
40,0xa0c0f5e52950e94a72e2a9790511ed536896d5b9,1334.875724137931001678,587.100286879822306219,540.147589249970792480
41,0x91271375ae26099e4b1c89ff3892a1915edf581a,1807.951485531465095846,795.166783414098404137,731.574197306937776375
42,0x750e9a7b449904f47b793b805db469fa6e025e33,1626.040317542805496487,715.159261379223266886,657.965188565560879397
43,0xaf8cfcfa6d329c0264c2bbc337949debdef23075,1028.584275862069034702,452.388272944797790842,416.209019986579164652
44,0x069497b672dcc385264ac7f5b8ec5a467b863bff,1339.22332261590008784,589.012432158591423104,541.906812819953984217
45,0x5a9dd9b93e6ad5f78b9b5fb08dd40e384d327f4b,965.035821507748778458,424.438618076150532943,390.494607926074081661
46,0x178d4d7d2a603463faffea75eecf74797c8bd7f3,916.712629367883096165,403.185283810456496667,370.940985617099840965
47,0x7942b87c5c80d0702e1375fc36ece7220cb04d09,1116.019435513250300573,490.843693465492947325,451.589010683295100534
48,0x1bc64307e6ddc620635b862fd2051be32bbf26a3,1116.019435513250300573,490.843693465492947325,451.589010683295100534
49,0xf16a809ac6ae471ffe3c93b388072d27d583b06a,792.379474121624753025,348.501518277981233496,320.630493894374183128
50,0x425f52b381301f6297154850b336a6598f4f1aee,689.65517241379313873,303.321681749644085357,279.063864940427777128
51,0xda603487d8a7f1c410743871507051880538863f,1004.417491961925179567,441.759324118943652593,406.430109614965545006
52,0x69510e004eef7914c388a5ba662059fa2d2bca2b,620.0,272.686191892930025915,250.878414581444559417
53,0xbbf849844b052a79b79393aea9a7661b14a49a71,673.338137931034452777,296.145181755952023650,272.461297615096725622
54,0xbbb7b32a5e384829fa67e200041d64e4dd8a6105,564.827586206896512522,248.420457352958493402,228.553305386210325878
55,0xce462c13f461deeb3ec2daadd5e7d5f90bb8f0b2,669.61166130795004392,294.506216079295711552,270.953406409976992109
56,0x9996890f80b0624f3087f8ec0c2a8fcc9c5ee103,423.649586206896628937,186.328052193184220187,171.426671815598780313
57,0x4149b799341ffd4ba835bdc9907409ff0467fe18,413.79310344827587187,181.993009049786479636,167.438318964256694699
58,0x0e69286ea0e263fbe00cb03d0faedb7899ce6aec,413.79310344827587187,181.993009049786479636,167.438318964256694699
59,0x25fec8adaef7da7ab33a0228ab15e51311f5dc89,558.009717756625150287,245.421846732746473663,225.794505341647550267
60,0x6d47ea39eb6c2e95c499fbe372ddb026b93a9872,474.777830653975001951,208.815094574546577633,192.115337794978756847
61,0xbc6e5006a792a4bbf737195f2f6c54b8c4493099,344.827586206896569365,151.660840874822042679,139.531932470213888564
62,0x48be96ef6fc4249e1ec303c5b5bd4a9f23900659,344.827586206896569365,151.660840874822042679,139.531932470213888564
63,0x9df3575255c5971aa9d9aff10b2755489c126e5f,368.485078365437402681,162.065794820708106272,149.104761705226280810
64,0xf8b5725bcd315b62ea74481efb19bed1cc892b11,344.827586206896569365,151.660840874822042679,139.531932470213888564
65,0x55d607ebcdae3d0a5da08d92f115638115972ce0,337.931034482758605009,148.627624057325590456,136.741293820809602266
66,0x2b85e8d6e602b0da9f3cdb9bb89254dd2442d80b,447.523793640813323691,196.828321079662657667,181.087193284001301663
67,0xf3c5f2517c1fcfaa8b40bc98990feaa26f8a9d45,446.407774205300142967,196.337477386197207352,180.635604273318051582
68,0x3579a279cd7fd6739f2904a301c96de6afff5509,407.190451799358868357,179.089054316659428423,164.766604806653646165
69,0xcf8445a17f25d149e63ba8662eb602e5103a236b,288.176827586206911747,126.744905977851985313,116.608621974093367157
70,0xe792923a42643b2aec46733f10585edf41cd2fa5,299.057241379310369211,131.530290822143427931,121.011300945712520161
71,0x0c275f2d879b46b901000f92430b9f57afc5a723,395.070880171690589577,173.758667486784503353,159.862509781886444671
72,0x5dcf8a23a6bb780cee6beb0b69c4f36f781c9df6,375.549094598009219226,165.172665281885286959,151.963163629428237300
73,0x091a53446383ac947d83dff4ddedb57c1d1f81c9,334.80583065397502196,147.253108039647855776,135.476703204988496054
74,0xd187241884009163e35b36559ca5549ae5678852,329.973823673198467077,145.127911938376882972,133.521467316950264603
75,0xd1af7d3751453374e1c068d3a3fac44a0ff24c38,281.236897749339050279,123.692610753304222726,113.800430692190360560
76,0x6777529d538c57d6cc6d46da4610758245470dab,206.896551724137935935,90.996504524893239818,83.719159482128347349
77,0x26a6dc267e276fded7b40251c8fc08b1b40df367,275.880004458875475848,121.336561024669848052,111.632803440910535642
78,0x3676e5592f909e70f2bf992523f732a610f2c1c6,172.413793103448284683,75.830420437411021339,69.765966235106944282
79,0xdb02db34221f6116a993b4a70cefe28b9aff379b,172.733448275862087939,75.971010036901986950,69.895312336506833617
80,0xc9cce71edf54be2c85d23536589ffe8d9e2acdd1,238.828159199835539539,105.040550401615476517,96.640048286225137986
81,0x9f8fe303110f6d306d89c8a70be8ec2df6e6931b,205.243324403205974704,90.269387972508894791,83.050193273711983011
82,0xb33d4956f4328c4a0da1d1ab544cc8f2ca1660d2,223.203887102650071483,98.168738693098603676,90.317802136659025791
83,0x1257b700a36c1992bc284232b1906a205ffa0220,212.043692747517525277,93.260301758443645781,85.801912029826056028
84,0x565cc29887cfa32ffd18b14e75fe037ca0d0f434,182.436861421004152817,80.238730648051330263,73.821726700832627444
85,0x70a6da5b4e4caa303ced298ac3a213c396c04195,137.93103448275863343,60.664336349928824177,55.812772988085562531
86,0xaf20401537564e6dee8be61eac161b10a5e88772,137.93103448275863343,60.664336349928824177,55.812772988085562531
87,0x865da0c8d3af4b01c83cb133316f4e47c90fbc20,137.93103448275863343,60.664336349928824177,55.812772988085562531
88,0xb1bd6ba31c6f94ea2e547c8e345f9e75211b4d26,130.875034482758621834,57.560991559611856871,52.957614773107046346
89,0x7383fa011771eb864b53d8936426153f63cdd10b,124.531655172413792343,54.771069063046809333,50.390813249771490234
90,0x2e550efb9cbac3058c1482f1a939291547c0a1b6,117.107241379310337948,51.505689830339186130,47.386579118141803235
91,0xf7c69bce3a71712fd1fbbbc105064f27382d8163,155.796313197649737958,68.521779607782818289,63.041825891387993863
92,0x03fd3911d4aba632e7a9cbeab9d855e388d0a691,153.029288225629613862,67.304796539246027010,61.922169700923994640
93,0xea76469d28efa31a25810f7e7bfc6b5f7362067e,107.182689655172410426,47.140708836952761374,43.370682663330086370
94,0x6d5efd88eb238829c5bf434e8b45b5f5be802a9e,103.448275862068967967,45.498252262446619909,41.859579741064173675
95,0x517df4f28eabb59b962bce3a706d27194279f7a2,133.472557890282530479,58.703425053725482030,54.008683409103483086
96,0x4aa60959b1571e62f9b353937c3e45978fd07713,118.642273680251136625,52.180822269978200723,48.007718585869760375
97,0x2cd873d5c3b1ce440b1f7d82e283c1168a5b8403,118.298060164404517991,52.029431507342245311,47.868435132429269174
98,0xc66a34e15f8d1cf75b3fd866234af1391832035b,117.182040728891266212,51.538587813876759469,47.416846121745976461
99,0xd54eff4ce9e4cdb2faa2267145545a233cacbfbd,115.842817406275372605,50.949575381718169353,46.874939308926030890
100,0xa7eadf046fd41b3ad72cce83262571de348b459e,111.601943551325035742,49.084369346549301838,45.158901068329512896
101,0xbb532f577779822a48f129049ecc32cfebcb7969,111.227131575235432592,48.919520878104563621,45.007236174252902572
102,0x25ebab74687236c711a612da494c79eac2a0f250,81.606896551724133815,35.892054601435383177,33.021627138400816648
103,0x1727ccc1121864aceaae711d53407a0814d2f023,73.237931034482755877,32.211245993403458954,29.635187137348726338
104,0x4ffd0a59a26cb2aa76d403215e4cc2845c053994,68.965517241379316715,30.332168174964412088,27.906386494042781266
105,0x338b3c10680b0d5aa627626759106647ddb5fcc3,68.965517241379316715,30.332168174964412088,27.906386494042781266
106,0x1d7d55af165f78704b76cbb725d88f8dc3588a76,68.965517241379316715,30.332168174964412088,27.906386494042781266
107,0xa4ae3446f8eb8551b07015e06225da4812ecb912,68.572827586206898332,30.159456809376166575,27.747487529345701063
108,0x2011c32daefaa28fa995f32cdf23bd67ede34e57,68.275862068965523122,30.028846493214768287,27.627322629102351925
109,0x7c020587596ee0772cd970b1fa6a5ab4fea10949,98.227684870754615076,43.202150525588471908,39.747106207065591832
110,0x31ea2730a76c7d480bba0267eb91d02a3087ea88,72.413793103448284683,31.848776583712631094,29.301705818744917309
111,0x677f0fb523ecfe8343560ddcaac47e1eab34409a,72.413793103448284683,31.848776583712631094,29.301705818744917309
112,0x42492200015c883f24cf5e631208d1081d128666,72.413793103448284683,31.848776583712631094,29.301705818744917309
113,0x694da39965a6a817ce47b7d3efa622b992b382f6,72.413793103448284683,31.848776583712631094,29.301705818744917309
114,0x61d656c068b93202ecf787a2872c58b39a277b9b,72.413793103448284683,31.848776583712631094,29.301705818744917309
115,0x2b185c762f6fb49a07116ec06b238b58fe2bec53,72.413793103448284683,31.848776583712631094,29.301705818744917309
116,0xeb4b407df8cf53861507c8302bb40b3e977f0b77,72.105655172413804621,31.713252456306896931,29.177020083889537716
117,0xeb4eec4e1946f0ef984b09c594af08668b7239c7,71.063172413793111559,31.254751402174132835,28.755187145645585645
118,0x1431a59a078a6cba473c3899b6ad358ad698d2a5,69.655172413793110309,30.635489856714059442,28.185450358983210606
119,0xcb21dd698c266b73ee772cf78f0f74c191a14e0d,68.965517241379316715,30.332168174964412088,27.906386494042781266
120,0xf2b22e4cfa1f9d20d6fec2e7225e14e72de5ca59,68.965517241379316715,30.332168174964412088,27.906386494042781266
121,0xfc1a2f3e2aa701e519fb3824acfd014222c86d74,68.965517241379316715,30.332168174964412088,27.906386494042781266
122,0x7bac16a888e14e20896b987a732667fddfb88fb5,68.965517241379316715,30.332168174964412088,27.906386494042781266
123,0xf84bfa23c2ab766c47056011b26e2d12ade5c754,68.965517241379316715,30.332168174964412088,27.906386494042781266
124,0x5bb3a5222d922858ee68e1b17b1a8794f9b609d0,68.92413793103447972,30.313968874059430192,27.889642662146350460
125,0x3b76fbc3e1c44eb8ecf4b711ced5160042dba80c,68.620689655172412813,30.180507334089586635,27.766854561572561266
126,0xd48f1a44e56526e96a983ff750559aa365810d5a,65.967103448275864253,29.013416499221484912,26.693100528441281227
127,0x7acceb2ee044c4079d3c822efb4a52fd0ab253b7,89.281554841060014382,39.267495477239428681,36.127120854663601790
128,0x5b5c989bc810e139e567e595ec42932e732c4708,89.281554841060014382,39.267495477239428681,36.127120854663601790
129,0x8d28b6d855378bd6254bb86f0cc07a76e6848487,89.281554841060014382,39.267495477239428681,36.127120854663601790
130,0x12f30aba40f199f917fb716e868aa9c272b868d9,55.172413793103451951,24.265734539971528960,22.325109195234222881
131,0xd22a6526661e16d4eb02480854270d131514b198,79.504494028694125518,34.967383411385156933,32.170905506481787484
132,0xc56493884cece55363849a9e5eb389b309c5441c,78.121360485927510808,34.359058542584506313,31.611230747830653343
133,0xbee45ef2deb682657759a1d4e42ab51e3799a775,49.65779310344827735,21.840313708365027168,20.093658718397577445
134,0xc0b7b4f02c2b90fc47f6642de8b10d00605f881a,71.871651647053838019,31.610333859177977445,29.082332288004412391
135,0xf115d93a31e79cca4697b9683c856326e0bed3c3,66.961166130795007234,29.450621607929573287,27.095340640997697790
136,0x79cf112b08a85a71cdd33e8da217867caf3e5df8,66.961166130795007234,29.450621607929573287,27.095340640997697790
137,0xf97d761f91ebda89b8b38ba0620fec2b4f40e0f6,66.961166130795007234,29.450621607929573287,27.095340640997697790
138,0x2a70938d79d975267da22c1f6b7f0c1e2ed42036,66.961166130795007234,29.450621607929573287,27.095340640997697790
139,0x7a96c4d6d86be8af67434064943b8ec1a573a069,45.730689655172412245,20.113109055978025452,18.504585352267294951
140,0x64739640e38f55e6bf1e72a3b10405395f71fb45,64.729127259768517888,28.468934220998590945,26.192162619631112364
141,0x53fe88ceb39f23db1fcd4d6beb55965f6ac1764f,60.265049517715510774,26.505559447136619156,24.385806576897934406
142,0x214175f301d82a56b213395abad756a5e6b2eb85,59.321136840125568312,26.090411134989100361,24.003859292934880187
143,0x4eaf0397a12d5e0937be107632e4879225d63b77,55.800971775662517871,24.542184673274650919,22.579450534164756448
144,0x89d50bee6c9fae42ca7731da558d0e4293e36741,34.482758620689658358,15.166084087482206044,13.953193247021390633
145,0xffb82eb04de9fb268afcf9e7a25040d2ca87fb28,34.482758620689658358,15.166084087482206044,13.953193247021390633
146,0x5cd9aed3014eee530caa3bdbe38311ac2eba557b,34.482758620689658358,15.166084087482206044,13.953193247021390633
147,0x4cf3e43e79824a4f969666fdc48eb615fbc54c3d,34.482758620689658358,15.166084087482206044,13.953193247021390633
148,0x357a15f1d5feff777fb38ec5424cc2605c091fb8,37.173379310344827786,16.349463296660267986,15.041933009699972601
149,0x24e32bb964721dfac9dee9e9ff71ac476652e8ef,46.504152594418407318,20.453290771257545799,18.817561410227842345
150,0x1ac03ef8272fabd680c7bf307119406f52802126,36.216758620689653014,15.928725791905334219,14.654843522641105125
151,0x0c4aaed00ba1ca188b5935cbe2b9dfc37d934142,49.1048551625830072,21.597122512481689682,19.869916470064982406
152,0xfdc46693f2b7fc9adbccb33c49dd0f1a63250dee,34.482758620689658358,15.166084087482206044,13.953193247021390633
153,0x5ac331f1813f2e4e0fe5f3966c7f6c0f1da31ae1,44.640777420530007191,19.633747738619714340,18.063560427331800895
154,0x09c4eea8ad5e12e1979a9edda897c4cac13baed9,44.640777420530007191,19.633747738619714340,18.063560427331800895
155,0x973322f3f3d6ea384dbc5a1736c4b1f57cc6db9f,44.640777420530007191,19.633747738619714340,18.063560427331800895
156,0xa9d8d3f440232e9c3e312f2ff32f8bbf2aa60444,42.40873854950351074,18.652060351688731998,17.160382405965211916
157,0x45ade3775d0e5da3a5bc94dcceec069f6c5567dd,41.627524944644235916,18.308469766262884804,16.844270098486905596
158,0xa114f682b4867406b62f82b34aa2462bda5dc3a9,36.316652534537674057,15.972660777325490500,14.695264856080664018
159,0xb46c67bf6ec04b6fbe9d34e7901b95b26bb8866f,40.176699678477007183,17.670372964757746104,16.257204384598622937
160,0x64bb8d764fbc9343493e508d7acac257498ce3e7,38.83747635586110647,17.081360532599152435,15.715297571778666708
161,0x7f0fc013f949475e74c32ba97ed32192df8a01f8,26.206896551724138789,11.526223906486475101,10.604426867736254536
162,0x96307afcb4a259ffd4003b68d9e8aff67a39bd24,30.596250779230523165,13.456734050305588113,12.380546592951034768
163,0x9ef2072337c03758bc2d5dd71322a82e18a70796,33.480583065397503617,14.725310803964786643,13.547670320498848895
164,0x496b1fc49fb63ba3b30151192c2a4256b076d494,24.137931034482758008,10.616258861237543698,9.767235272914971844
165,0x0bc71bb95cc09743e22b1db6c282cdc295ea1989,23.867103448275862831,10.497144436814458857,9.657646893152866951
166,0x2069e272f47c9e976ec79b4a4aaa1ea2cabd6ac6,23.862344827586209561,10.495051517210386649,9.655721352484778919
167,0xf17d2cb912f0af72f1300f928cae0947bd280f7e,31.248544194371007166,13.743623417033800749,12.644492299132259916
168,0xa9a58c96e9826e5f9780da3e86b93b25fe712587,20.689655172413793593,9.099650452489322916,8.371915948212834024
169,0x7443dc8d1af701207c8202cfa284b2f45002e7b8,29.016505323344507161,12.761936030102816630,11.741314277765670937
170,0xf5873a15f2cb3f54740532589523438b84d9bcb3,20.576413793103448313,9.049845032346031104,8.326093661589615280
171,0x3dd5ea70b666c176b334638e703dfb115362fe72,27.900485887831258935,12.271092336637325459,11.289725267082378224
172,0x37300204bc99fdea0ca7803ff19852ae2544ab52,20.619289026872607451,9.068702264963823367,8.343442807836090935
173,0xf879006eebfd806f570b836e5dc4ee3946bc0096,25.952997367554935693,11.414554871557729854,10.501688440659009416
174,0xbaaae914f34c4f0211004ccb0f0f44dfda01e1da,25.952997367554935693,11.414554871557729854,10.501688440659009416
175,0x95af5866573adf670a69eda1019b70521a68fb5d,25.668447016804751826,11.289404949706336012,10.386547245715783916
176,0x882d244fef9a574fbc636971df8180760a1ece84,17.241379310344829179,7.583042043741103022,6.976596623510695316
177,0xdabf0f907ffbed548a9427ca178a6294dbd378b9,21.108095295124517321,9.283687297000930982,8.541234649153045311
178,0x59781a1c7e7dcefd724d765b205eb57c6008ca21,17.906206896551722707,7.875444144947759462,7.245614189313266174
179,0xad073d923073e7554c2e8c5deb71f951a4d30b04,16.346896551724139357,7.189633822511814820,6.614650790682960135
180,0xf85761b55272d5ee30139dfe742499ec8c052306,23.659612032880904309,10.405886301468450839,9.573687026485854901
181,0x95d551ce72f134e236213ae5164244a5c49e97f4,16.508620689655174374,7.260762756882106927,6.680091267011491141
182,0x1ef9eb8bbbea9f61155ab9575bd99515447f712e,22.320388710265003596,9.816873869309857170,9.031780213665900447
183,0xf7d48050e09804de338c120f61ce64850e3b34b5,22.320388710265003596,9.816873869309857170,9.031780213665900447
184,0x95c2d01f0643dc5d252510bd9cbf1690788b6499,22.320388710265003596,9.816873869309857170,9.031780213665900447
185,0xe488a8b3a410f03b993051068c23e984e9392f8e,22.320388710265003596,9.816873869309857170,9.031780213665900447
186,0x6ae8c7bab2c4861ba5a451dfd4b4a83c06c2a7c8,22.320388710265003596,9.816873869309857170,9.031780213665900447
187,0xc7c52590eefe7bbae025a94de7e21420b0a20cfb,22.320388710265003596,9.816873869309857170,9.031780213665900447
188,0xd9cac90e03b50762394b6b7ce467c628c3d9ffd5,22.320388710265003596,9.816873869309857170,9.031780213665900447
189,0xa23017dc1ee283aeeb3e3f435b5f0c06e3214286,17.569849527546296031,7.727508644836122542,7.109509667589287041
190,0xf61d311781acd7a6e60c0457c52f9a31767f72b5,12.87193103448275977,5.661286864679883735,5.208531694407627199
191,0x24b1ffeb813d63481b904435d32b5ad2d83383c9,13.793103448275862988,6.066433634992882240,5.581277298808555720
192,0x0045cb2b22bc2615a09a90bda866ff272c893906,13.793103448275862988,6.066433634992882240,5.581277298808555720
193,0x9a54af3059f460349e9412ad2180d03896922b9c,13.793103448275862988,6.066433634992882240,5.581277298808555720
194,0x1fd858bcdd2d8e138d5ecf612191fa80957f8d0f,13.793103448275862988,6.066433634992882240,5.581277298808555720
195,0xb9941d875ef1a7b2aac2d0abbb1b5f1193874f17,12.592068965517242418,5.538198926225876839,5.095287578014800367
196,0x1e8b446e50d66364b47df92847b2d425c9460c84,10.344827586206896797,4.549825226244661458,4.185957974106417012
197,0xc8cf39b6ee4e312fdcb7028388a0690d1ceb45fa,10.992206896551724782,4.834553288903053136,4.447915224125996936
198,0xc82d72a31dec624d609ad0623cb066aec53edf8e,10.142344827586207145,4.460769980482965913,4.104024823359907259
199,0x7c0cced07503bbd218563ad5fc311a91d0d91614,10.344827586206896797,4.549825226244661458,4.185957974106417012
200,0x52344ce6edd6cf9dffca4908419c2a8c01ea2ea2,13.229159872373880802,5.818401979903861765,5.353081701654233804
201,0xa675d0d6eb15409a5e4101f18d796c6dd161c747,11.360629466190932391,4.996591591358412465,4.596994692137458038
202,0x2e976f0633ef80771ab2cd93100ffee0fb6dabf5,9.099586206896551843,4.002147597677503832,3.682080259569980196
203,0x039e8026f52b867871e97bb457592c5f73014aaa,13.392233226159001802,5.890124321585914480,5.419068128199540091
204,0x29bdfcedf0d5d47b2777832d6c39919e98d984ed,13.392233226159001802,5.890124321585914480,5.419068128199540091
205,0x226d56a09806dfb70b2a770da43b9e6569e07795,13.392233226159001802,5.890124321585914480,5.419068128199540091
206,0x8f50a6c2475dcdb8d47a5c99a7b0256f29a8e693,13.392233226159001802,5.890124321585914480,5.419068128199540091
207,0x5059f3b71d97a8449db345fa5aad07219c612fca,9.655172413793103203,4.246503544495017657,3.906894109165988560
208,0x14cf2e235335db05ae4bb187e9021c07452da45e,12.2762137906457518,5.399280628120422421,4.967479117516245601
209,0x35d178fa8f36d4704bab30d72ab509e20fb1318d,11.829806016440452154,5.202943150734225419,4.786843513242927450
210,0xb6f4a6067c5a35db4590b8dcd16b7f98fb5c9516,11.829806016440452154,5.202943150734225419,4.786843513242927450
211,0xf6ac1cd0c4fc4e7eb167d427fba6997335d3f36a,11.606602129337801443,5.104774412041125586,4.696525711106267487
212,0x7417e92dd4e06c80086288b063fb25c74a6002ad,8.275517241379310107,3.639708520154854021,3.348626847352662583
213,0x266abce9682f3322387f0779d11e370451bd7261,11.160194355132501798,4.908436934654928585,4.515890106832950224
214,0x219877d35d1006d2f49e53a43116b024f6832d12,11.160194355132501798,4.908436934654928585,4.515890106832950224
215,0x304300d6ff3b3e94dfed7215c33839358d43dec0,11.160194355132501798,4.908436934654928585,4.515890106832950224
216,0x54000670bb1eaad63e8451b659d0671e87ea374c,11.160194355132501798,4.908436934654928585,4.515890106832950224
217,0xfef1994b322c6e862191bb85994a678c13c180bc,7.646965517241380184,3.363261139408229017,3.094288040845957433
218,0x8d82e2aab881c67535a5ba675472bebe40729960,7.586206896551724199,3.336538499246084921,3.069702514344705424
219,0x30c83633300bd3fea3830aa4e6d9c5e995b39d10,6.896551724137931494,3.033216817496441120,2.790638649404277860
220,0x1373b82bbcce0e8f02195e377172176dc5812744,6.896551724137931494,3.033216817496441120,2.790638649404277860
221,0x9ddded31cbcd35aa14c8f2894f8dd1cf66d1744d,7.167724137931035244,3.152482902760401551,2.900366561098854046
222,0x2ef8f5fb4a01979516f297704b2ff5f524cdb71c,10.044174919619251796,4.417593241189436526,4.064301096149655734
223,0xe13faf156ac0e91e26c49a9aebee5770d02e01f5,7.963073353785121711,3.502290562270528262,3.222198739021544966
224,0x486a0606749a095494a8a65bab7c72ffdb150a43,8.919564888941570402,3.922971262753810251,3.609235964667709684
225,0x14a4b7ed33d21ae9d9efa2d1fe1e1744d73eccf4,6.729517241379309844,2.959752306176676839,2.723049381315705730
226,0x26cb1dbad7349b57af814a22718d04d0fcdfbeb1,6.896551724137931494,3.033216817496441120,2.790638649404277860
227,0x63e0c99876c42f21d8a75e09e2704ce8c0d77b22,6.896551724137931494,3.033216817496441120,2.790638649404277860
228,0xdab22ef91115e1d9c2458025aea8223012f21c03,6.896551724137931494,3.033216817496441120,2.790638649404277860
229,0xe0697194bc33d95edd8dcb1206139b78ea6be188,6.896551724137931494,3.033216817496441120,2.790638649404277860
230,0x63ebc5fde3588cb9c72375f16867cd6c748c4390,6.896551724137931494,3.033216817496441120,2.790638649404277860
231,0xfd8ca56f9f6751272afaef36b514565b17e2eeaa,6.896551724137931494,3.033216817496441120,2.790638649404277860
232,0x9477f4ee18a3c67806e993c084f134d7c913d0e8,8.928155484106001794,3.926749547723943579,3.612712085466360357
233,0x4521fa3d82431e5ccfa44b9713bde64d5589a6a8,8.928155484106001794,3.926749547723943579,3.612712085466360357
234,0x525c624489edac03ecc6c0023aabce747d285c2b,8.928155484106001794,3.926749547723943579,3.612712085466360357
235,0x937fe30fefe2faea05516b4677ed712a23f10064,8.928155484106001794,3.926749547723943579,3.612712085466360357
236,0x709d6c7d043ed3ace7baea67343607d2ac1e74c5,6.2068965517241379,2.729895135746796875,2.511574784463849852
237,0xe41f694d5f93a4d634072ae1c4c50d78d6d38247,5.517241379310345195,2.426573453997153074,2.232510919523422288
238,0xb309ce318691c604d3d7c741581bcf7a61ae7618,5.517241379310345195,2.426573453997153074,2.232510919523422288
239,0x2515b754e606b9461fc90f9c5ab3f2df8767fbc0,7.415142105015696039,3.261301391873637545,3.000482411616860023
240,0xada60915772d9bd87d12779f4d906a937d9896fe,6.518717867221423212,2.867039276188730224,2.637750973600397231
241,0x56d5ba9958f7a18f36b926641b9e26e611fe587d,4.986206896551724554,2.193015759049926849,2.017631743519292975
242,0xe0f0567700f2cdba614fb69647655a545e2bfc88,6.696116613079500901,2.945062160792957240,2.709534064099770045
243,0xe7925d04ea7949ccf921da3c412ec23dd845f2f0,6.696116613079500901,2.945062160792957240,2.709534064099770045
244,0x9c1a3325ad4fe79c6adb4336ff4b5d4aaa7ec2e9,6.696116613079500901,2.945062160792957240,2.709534064099770045
245,0x85e6673227ddc67f5c88e4269a76197c972d70c1,6.696116613079500901,2.945062160792957240,2.709534064099770045
246,0x9f2c677a961f0502ff08abfd2892c09610cf5668,6.249708838874201255,2.748724683406760239,2.528898459826452338
247,0x56e61edeb28062d2535c97f465a9f7f6ec04c7e7,4.403241379310344428,1.936617941466952653,1.781739058485149130
248,0x655979b2b9f0d0e7e4cd590a950550ed60380a75,4.543379310344827893,1.998252907198480477,1.838444835841044123
249,0x0fb51dc234d236f3642f26bbdbaa316010883d31,4.466275862068965097,1.964341543178869998,1.807245495740704033
250,0x71f428116d04fa4c9faa339f9e8f9339d38042ef,6.026504951771551433,2.650555944713661738,2.438580657689793263
251,0xa5f146cbd3ee13f482315dd0f873c2bfbbc5f2c4,5.803301064668900722,2.552387206020562793,2.348262855553133743
252,0x3b7d5a574f5e73521ebe7f48ceb8b996fce9ead4,5.803301064668900722,2.552387206020562793,2.348262855553133743
253,0x75e69195158d8b889b9ac36fa01ff2ec234e390d,5.780980675958636184,2.542570332151253609,2.339231075339468280
254,0x557c7d930a502900b534954512289b698620c120,4.137931034482758896,1.819930090497864805,1.674383189642566716
255,0x4b0a20c79e567d99dbc2596d916be7c1260102a0,5.580097177566250899,2.454218467327464293,2.257945053416475112
256,0x0a2c2b80a348932fe621b3deb4199666cb190ae2,3.975862068965517082,1.748649495286698219,1.608803181381565972
257,0x7b6174ffbcc3ea950203da34bf1a346caeac8d63,5.245291346912275721,2.306965359287816764,2.122468350211486499
258,0x1486a38ba581ec9b537d25d32c3ce64f7c5d9fa8,5.133689403360950365,2.257880989941267291,2.077309449143156961
259,0x7203b03247afc06852423c941195b64b652f5e7d,3.448275862068965747,1.516608408748220560,1.395319324702138930
260,0xe3db698cedab1065f46c21ecca221a0af8b888ee,3.448275862068965747,1.516608408748220560,1.395319324702138930
261,0x0b13a9e4c7d176cc549975229d9090157d4fb7d7,5.022087459809625898,2.208796620594718263,2.032150548074827867
262,0x5e7732d6407c332cf91780dc084b36102cdea094,4.910485516258300542,2.159712251248168791,1.986991647006497885
263,0x7f88736974ef5ae10ec2893a24a12d8579879eb0,3.448275862068965747,1.516608408748220560,1.395319324702138930
264,0xdac96bb5d9484b595014b6a934e8d8fb1d020253,3.448275862068965747,1.516608408748220560,1.395319324702138930
265,0x0c8863efc28f0ee073f2905a8d2fa846a03aa1df,3.448275862068965747,1.516608408748220560,1.395319324702138930
266,0xa072f355f180da698e9ed4ad044e57c124a81e47,3.448275862068965747,1.516608408748220560,1.395319324702138930
267,0xbd23e74ab939514a42b92b522b3902ea04826fb0,3.448275862068965747,1.516608408748220560,1.395319324702138930
268,0x92851633192abe05b58fb27f1199d26d208e1dcb,4.464077742053000897,1.963374773861971789,1.806356042733180178
269,0x0ed2a3edbe4f8606a9f1ae717c902c816206c893,4.464077742053000897,1.963374773861971789,1.806356042733180178
270,0x39dfd8dec704cf29bb2d2cf158710c99172eed17,4.464077742053000897,1.963374773861971789,1.806356042733180178
271,0xe78c6d9115d7b31aa3b133747e05a261317988f5,4.464077742053000897,1.963374773861971789,1.806356042733180178
272,0xcb948901e2e4f3be570e7b3a72f13d330b92e870,4.464077742053000897,1.963374773861971789,1.806356042733180178
273,0x0c10a622f3634c66e1dc7ee3888bbc187679e2c6,4.464077742053000897,1.963374773861971789,1.806356042733180178
274,0xa6632ea2925f42885768f730b2ba05140172308e,4.464077742053000897,1.963374773861971789,1.806356042733180178
275,0x7f0bed5c157432c9f92c53f1b6870dad2a888e76,4.464077742053000897,1.963374773861971789,1.806356042733180178
276,0x346c809b9b89ec507bd2b4a0020b412685b2d05d,4.464077742053000897,1.963374773861971789,1.806356042733180178
277,0xf437b0595d22ff21790050f693e30d94765cbfd1,3.611349215854086747,1.588330750430274163,1.461305751247445661
278,0xd5aff5e2ffc17423e3217811d2379498bc4948cf,4.240873854950351074,1.865206035168873289,1.716038240596521325
279,0x1c13a36baf59b3216b2535185fa8479c4a2487b0,3.102413793103448114,1.364492585350773890,1.255368796434514156
280,0xc06117b82694e7371e598d19eebcdb09e4ac5cb8,3.611349215854086747,1.588330750430274163,1.461305751247445661
281,0x8300a57b8a5d9237aa5740e965cfab9ad7ed1927,2.851103448275862373,1.253962164521203793,1.153677924050222625
282,0xc4fbadc36d1a65195f036d124458bd95bc63170e,2.758620689655172598,1.213286726998576537,1.116255459761711144
283,0xebb83b26f452a328bc6c4e3aa458ae3f2df844c4,2.758620689655172598,1.213286726998576537,1.116255459761711144
284,0x441f2e35ab2f9c8831dadc0ff7cb0baec0946135,2.758620689655172598,1.213286726998576537,1.116255459761711144
285,0x8c5eeb6cbff441548ddf30793cadbdd047a68e91,2.758620689655172598,1.213286726998576537,1.116255459761711144
286,0x19d6310388abfef418a199c38c7f8c3656d819df,3.70757105250784802,1.630650695936818773,1.500241205808430012
287,0x28fabbf66efe2cec6b5d30c009f63b05e7b3d4e9,3.481980638801340788,1.531432323612338164,1.408957713331880690
288,0x3947217dc84e655d42371683a5b80f461903b294,2.565999999999999837,1.128568981285900774,1.038312922283849415
289,0xa33d79a1761bfd98f2ecc6b60e6f55f8812cff8d,2.376758620689655377,1.045337511813798637,0.961737797744196321
290,0x1e20372cb23e32f36a13656b6d253f0c80fa5098,2.921694043440293598,1.285009068680629918,1.182241886307017875
291,0xb50be01222e5ac59aa3df874c13c691a3e07451d,2.200689655172413772,0.967899486463114300,0.890492793024904916
292,0x62ead07d8f7d497ef9d093285930e0a7284a0fd1,2.969764413058786356,1.306151207445391815,1.201693205852552460
293,0xdf9134f23f39519cb8e5af048873facfb0154080,2.068965517241379448,0.909965045248932403,0.837191594821283358
294,0x77b9dc4e88e97fb32ad5c028fcaec037fabcc8b0,2.068965517241379448,0.909965045248932403,0.837191594821283358
295,0x206d3122815cc97c8b325ab8f521099a049b2705,2.068965517241379448,0.909965045248932403,0.837191594821283358
296,0xec642bd3921b917c0612424593fa23567dcc0913,2.678446645231800538,1.178024864317183118,1.083813625639908018
297,0x2a1915cfbba5525e44bc41b516d35aebcdaa64c5,2.183116864890964237,0.960170684426369769,0.883382093402998003
298,0x12b112ec04037e462d4dcf891363c21d9b186635,2.455242758129150271,1.079856125624084395,0.993495823503248943
299,0xc0af6d8a2fb21f1623e6023c5725a41f36ff5d17,2.455242758129150271,1.079856125624084395,0.993495823503248943
300,0x2b6aa24e38e3a4310e8283a932fd9ca025a04361,2.455242758129150271,1.079856125624084395,0.993495823503248943
301,0xcdb6bba8deb945a3dbd5ab1c8cfce2790abf0870,1.596827586206896576,0.702311021923126000,0.646144472883066534
302,0xf357513f803e9128e7a905ade2e0ecd05a452279,2.028878495029693418,0.892334113908235693,0.820970677760381906
303,0xfe20d7776f47271f58352bcb3b4eba98a8642165,1.660482758620689836,0.730307613148618140,0.671902067617067944
304,0xf0c30de8e38fee573db65af4faa8ba173fcf6b02,1.584896551724138014,0.697063556828857123,0.641316668019597080
305,0xfbd9275bf42f21b7cb857e6c00ffcb99443718b5,2.232038871026500448,0.981687386930985895,0.903178021366590089
306,0xd478897fe87f6699ecc4e13c084f52521ba3d61f,2.232038871026500448,0.981687386930985895,0.903178021366590089
307,0xd3a5a3b167ff2eab162e1e8a69b5cdbb9c68ba3e,2.232038871026500448,0.981687386930985895,0.903178021366590089
308,0xcf7bad6206825808b5b548b555ffcab6c89f0c6b,2.232038871026500448,0.981687386930985895,0.903178021366590089
309,0x720ee847e27a400a03f429abf5b82fa99fe09296,2.232038871026500448,0.981687386930985895,0.903178021366590089
310,0x3e57c429bcdf4ed02a224fb7f3d991b256badc6c,2.232038871026500448,0.981687386930985895,0.903178021366590089
311,0x254bb9048ce30db7c0b39193299b0bc350b2136e,2.232038871026500448,0.981687386930985895,0.903178021366590089
312,0x0d7d295ee9e4dd359e908eba2da4074e519196b3,2.232038871026500448,0.981687386930985895,0.903178021366590089
313,0xa1438db00fb06eb3c7c2a7bb748f333fc94743e2,2.232038871026500448,0.981687386930985895,0.903178021366590089
314,0xf7f2c753f08c61908f5097ac71671cfc20b18d00,2.232038871026500448,0.981687386930985895,0.903178021366590089
315,0x5b2a8d72cbbfe6f9a70e5dedd81862eeccc4d655,2.232038871026500448,0.981687386930985895,0.903178021366590089
316,0xe55a2c4048041467e7264da0554b14e72efb2b64,2.232038871026500448,0.981687386930985895,0.903178021366590089
317,0xb60c49f9f4b2fd75ebc5fd9aa19eda27f8229464,2.232038871026500448,0.981687386930985895,0.903178021366590089
318,0x8eb5faec2bd917995630482feb6c48f0cf4d937b,2.232038871026500448,0.981687386930985895,0.903178021366590089
319,0x59c780472a04b88f14e0c46a00829540ba8bf260,2.232038871026500448,0.981687386930985895,0.903178021366590089
320,0x425d8a3f3dc894d2ec4785a048178f421711e91b,2.232038871026500448,0.981687386930985895,0.903178021366590089
321,0x2d1a0f69ea53d61b4f74648ca1db523610784406,1.48862068965517258,0.654719850056606822,0.602359352473913368
322,0xdead9035ecbed802e48b3e69bbf3dadf3a1fa991,1.379310344827586299,0.606643363499288268,0.558127729880855572
323,0x957c23a69febc71fc2671bc343889f0a696a0c81,1.379310344827586299,0.606643363499288268,0.558127729880855572
324,0x2203e1c18f12abab45bf1756963fca7067f7e95b,1.379310344827586299,0.606643363499288268,0.558127729880855572
325,0x498f244f66913804c1e1c2ef868a04c05928a0e9,1.379310344827586299,0.606643363499288268,0.558127729880855572
326,0x66d34f5eb6bb2fea8c8e9eca4f5133fb6a875fa8,1.384551724137931039,0.608948608280585502,0.560248615254402837
327,0x5afad223398f97d53beb0c3bd264783559dade78,1.379310344827586299,0.606643363499288268,0.558127729880855572
328,0xb1647b50c253dc3600025ff5b9155acf4884813f,1.379310344827586299,0.606643363499288268,0.558127729880855572
329,0x3d807ce6fc677f95cdf39daaeb3b26f1ebdd41b9,1.257448275862068865,0.553046422334126042,0.508817144945881927
330,0x2fed69d629cd6235b79e349a285a274dd8e767a7,1.785631096821200359,0.785349909544788671,0.722542417093272049
331,0xe42c148634daeb6eb8cf6210d251bebae6eb6771,1.155379310344827548,0.508154813435178765,0.467515692934698635
332,0x28b70156ac20092a961c04aceead0de2e57aed89,1.339223322615900269,0.589012432158591559,0.541906812819954009
333,0x04eb9b9cb5a6b0a9ce35f03c2688e02bc5543ab3,1.339223322615900269,0.589012432158591559,0.541906812819954009
334,0xb6de4c4fe8366795f929d37feee0b1a836b2b679,1.339223322615900269,0.589012432158591559,0.541906812819954009
335,0x67ee42b2a3102bcc9d40c70816d3d34f7e40d713,1.339223322615900269,0.589012432158591559,0.541906812819954009
336,0x137a3b64a7e712635efc091e40b52431fa3a3f0b,1.339223322615900269,0.589012432158591559,0.541906812819954009
337,0xa3875cf5d001458c1e2f516c98f2994981ed69fa,1.083404764756225935,0.476499225129082160,0.438391725374233654
338,0xb588d155ae5ef03fbcd5a7b0d4fa13afe1e6b97e,1.227621379064575136,0.539928062812042198,0.496747911751624471
339,0xe029a1301dcdb627c84f383d6f2cbee2d9bcc320,0.897951724137931118,0.394933929288489138,0.363349524068385221
340,0x3870eaf46dd6e39b390456a969b223234a57e9ed,1.205300990354310375,0.530111188942732459,0.487716131537958675
341,0x46b47faabcf6e3972633e05743a1896996377163,1.116019435513250224,0.490843693465492947,0.451589010683295045
342,0xfc4125e0e70bad77aa31e608cd8650763062a273,1.116019435513250224,0.490843693465492947,0.451589010683295045
343,0x498852c3c557f2ad522f8862141d87c61d1a8e50,1.116019435513250224,0.490843693465492947,0.451589010683295045
344,0x3b092e26f77cdaff006e41533f55444485bfaa74,1.116019435513250224,0.490843693465492947,0.451589010683295045
345,0x311f16f0cd3afd4cafbc6d39c730ab365dcea2e2,1.116019435513250224,0.490843693465492947,0.451589010683295045
346,0xea63e9cb16301482abe95c5806dba3513d1608a0,1.116019435513250224,0.490843693465492947,0.451589010683295045
347,0xbcb15e3d0cd0689224fc4b59e2c3003c346d8863,1.116019435513250224,0.490843693465492947,0.451589010683295045
348,0xe7b84b45239900dade60b96e813025746c98ecd3,1.116019435513250224,0.490843693465492947,0.451589010683295045
349,0x1090a19df26ec005690ef9f41389afa8c86c955e,1.116019435513250224,0.490843693465492947,0.451589010683295045
350,0xb76b82e71a23915a93ede3accf61c26d89bc2170,1.116019435513250224,0.490843693465492947,0.451589010683295045
351,0xb55443ed4394cf76fd394fb93dfbd90ab143ca30,1.116019435513250224,0.490843693465492947,0.451589010683295045
352,0x6ab972159245fc0c43c567470edcb67e31e79284,1.116019435513250224,0.490843693465492947,0.451589010683295045
353,0xcfad834e4f8457cb7319523e4818806a578ac2b9,1.116019435513250224,0.490843693465492947,0.451589010683295045
354,0xfb09154fd768f599e346a4cb53b022394300281e,1.116019435513250224,0.490843693465492947,0.451589010683295045
355,0x44f4e83e6ffe27164ea7f4f232e3399cd36aea36,0.75468965517241382,0.331924916338635523,0.305379587404310093
356,0xed2170462e997b9590f77bf2cd3cd283b877eade,0.689655172413793149,0.303321681749644134,0.279063864940427786
357,0xd66e49ffae5337017f13f36d361491339d050a86,0.689655172413793149,0.303321681749644134,0.279063864940427786
358,0x50cd4175e0bb2cc85c225911096dbdd01dd14926,0.969159073125551385,0.426252091917884379,0.392163051198323565
359,0xe078e32c2ab64b38e0a3fcb273523b225087382a,0.694827586206896664,0.305596594362766483,0.281156843927481026
360,0x5505f7442fcbad24f65265c422f8a055993815c4,0.689655172413793149,0.303321681749644134,0.279063864940427786
361,0x047b567ee73cddb4c56e2af547e5d7f80d0ba678,0.689655172413793149,0.303321681749644134,0.279063864940427786
362,0x3eb8b2f4584c642a43ed5cad2f83182de41b5de2,0.689655172413793149,0.303321681749644134,0.279063864940427786
363,0x84ecf15af6fec307afeab934b46947967bc02d5f,0.689655172413793149,0.303321681749644134,0.279063864940427786
364,0xf940ae7e8276587210c568bcb7f4243e0985b093,0.689655172413793149,0.303321681749644134,0.279063864940427786
365,0x0b34f02845bded1ad1d64beb013e68b5b5cdccda,0.689655172413793149,0.303321681749644134,0.279063864940427786
366,0x2d6ed387f4e13ae302bc164dbac8e2f58b5cd6a0,0.892815548410600179,0.392674954772394336,0.361271208546636025
367,0xa96437876586239f80f968dd3c23317205a9fca8,0.892815548410600179,0.392674954772394336,0.361271208546636025
368,0x2017e5195ff122d29ab94dd422c50e4b52b7abd7,0.741514210501569515,0.326130139187363721,0.300048241161685991
369,0x5af06f87e079026ae72eb1222c87da3d0418d8fb,0.669611661307950135,0.294506216079295779,0.270953406409977005
370,0xcf78e037bd9916534d8eb85c25781ed8f6ad6089,0.344827586206896575,0.151660840874822067,0.139531932470213893
371,0xcd251658ad5c2022d556fc3812906ecde483f81c,0.338827586206896569,0.149021942243600158,0.137104076845232181
372,0x65bb8dbb6b76e118c0addecf2176b7acb79e3e3c,0.344827586206896575,0.151660840874822067,0.139531932470213893
373,0x8f37fdd3037b29195975d9e2f7bbb36ca51887dc,0.344827586206896575,0.151660840874822067,0.139531932470213893
374,0xf8bb6b81b37191ffddc98be07460e67e7c56526d,0.33793103448275863,0.148627624057325602,0.136741293820809601
375,0xe77e6fed8034f2422ae1cceb93cab2ac3bde982c,0.326896551724137951,0.143774477149331309,0.132276271981762783
376,0x57fd1260b14914e8e9dd468b6e2130eca353f749,0.184137931034482782,0.080986889027154993,0.074510051939094227
377,0xba63907f3da8df6d883b210eb9624a8980136bde,0.223203887102650045,0.098168738693098584,0.090317802136659006
378,0x73ed17e6fa1bdeb125b7fa43415cc049e75340c9,0.223203887102650045,0.098168738693098584,0.090317802136659006
379,0x7e293a6872c0f97a8d590640339ae15d0e1ab5fa,0.223203887102650045,0.098168738693098584,0.090317802136659006
380,0x7a4c837f2b57899a5127a59a5e0c19a1a5180005,0.223203887102650045,0.098168738693098584,0.090317802136659006
381,0x4a39ef84ccdb81b101df99d89000478f6dfce9e5,0.223203887102650045,0.098168738693098584,0.090317802136659006
382,0x114163fb6cc3445ab478b61595c84b5d9343fac0,0.223203887102650045,0.098168738693098584,0.090317802136659006
383,0x80ff186dbf5344b999e27f76da0b2583f40fe390,0.223203887102650045,0.098168738693098584,0.090317802136659006
384,0x6bb475cd6bff177ebad44911baa5f9099ab887a6,0.223203887102650045,0.098168738693098584,0.090317802136659006
385,0x6555ccb1b0d272080cb0f9faeed51454c7d4be95,0.223203887102650045,0.098168738693098584,0.090317802136659006
386,0xa5e4329f1d0d19bb2e49f8255b0e32ab2d5a64bc,0.223203887102650045,0.098168738693098584,0.090317802136659006
387,0x43b1320a78b73c4101c24d3b70e3f8de229e8c83,0.223203887102650045,0.098168738693098584,0.090317802136659006
388,0x37c7680bd6474f73d5f1935aa4b98c5841e5cf2d,0.223203887102650045,0.098168738693098584,0.090317802136659006
389,0x6a4739ff14a16bab52100d11fec8c94d9fb86848,0.223203887102650045,0.098168738693098584,0.090317802136659006
390,0x0657d0ce74a252d48d87c7f7ccb0f8c7089866fd,0.156242720971855042,0.068718117085169020,0.063222461495661311
391,0x0587eccd5328c1c3f72e82fef50117a363a5e8f9,0.111601943551325022,0.049084369346549292,0.045158901068329503
392,0xa5ff7d9aaa5f87ef0765654c3e73243f75b7e07e,0.111601943551325022,0.049084369346549292,0.045158901068329503
393,0x69afc5ce15d954ea37c76ecfb92a87c5cd5bcc05,0.111601943551325022,0.049084369346549292,0.045158901068329503
394,0x5952f70fef1cbc26856d149646d4a8f97e923ee7,0.068965517241379309,0.030332168174964411,0.027906386494042777
395,0x5d0e1abf31ab2f871b67c4986ae74042802bdb60,0.100441749196192517,0.044175932411894367,0.040643010961496556
396,0x2af8901ef369d1029160a3e4f48118535830dc2d,0.068965517241379309,0.030332168174964411,0.027906386494042777
397,0x1e617c41f9711b41a79344adc82c8304b9dd6ec7,0.068965517241379309,0.030332168174964411,0.027906386494042777
398,0xc001bcbf922ec200e167109a1de6237df18a74b6,0.022320388710265003,0.009816873869309859,0.009031780213665901
399,0xc2fe50e4e2a72346108527a815627dda4bbd165c,0.022320388710265003,0.009816873869309859,0.009031780213665901
400,0x17e77ebb0ea5c9d6d5e4fd59740a4f6184147631,0.022320388710265003,0.009816873869309859,0.009031780213665901
401,0x488011d9f80e6ea47ab79a531464c6118e37bf6e,0.00503448275862069,0.002214248276772402,0.002037166214065123
402,0x1bc5e0d0617c39f617d90391f83d67c0d08cb727,0.0022320388710265,0.000981687386930986,0.000903178021366590
403,0x70e71c4bce63e965ad1747107d4cc9d5b5890a37,0.00022320388710265,0.000098168738693099,0.000090317802136659
404,0x170fc818aecd56bdd6797b492fedf7b639b56675,0.000022320388710264,0.000009816873869309,0.000009031780213665
405,0xb974884fb4065791ca8fcec4b1df73df8c981b6d,0.000001379310344828,0.000000606643363499,0.000000558127729881